2025-12-03 23:51:59,445 - EnvironmentData - INFO - Initialized Conserv client with 5 customers
2025-12-03 23:51:59,445 - EnvironmentData - INFO - Enabled data sources: ['Conserv', 'Coris', 'LI-COR']
2025-12-03 23:51:59,446 - EnvironmentData - INFO - Fetching Conserv historical data for all customers
2025-12-03 23:51:59,446 - EnvironmentData - INFO - Fetching Conserv data for period: 1763941919 to 1764805919
2025-12-03 23:51:59,508 - EnvironmentData - INFO - Fetching data for customer 333
2025-12-03 23:51:59,508 - EnvironmentData - INFO - Exporting chunk for customer 333: 2025-11-23 23:51:59+00:00 to 2025-11-30 23:51:59+00:00
2025-12-03 23:51:59,508 - EnvironmentData - INFO - Starting export for customer 333: 2025-11-23 23:51:59+00:00 to 2025-11-30 23:51:59+00:00
2025-12-03 23:51:59,508 - EnvironmentData - INFO - Conserv API POST https://api.conserv.io/v1/sensors/export headers={'x-api-key': 'XXXX', 'Content-Type': 'application/json'}
2025-12-03 23:52:00,214 - EnvironmentData - INFO - Conserv export launched: 3f4ce982-1b48-44f0-a0dd-5547c7d5b109
2025-12-03 23:52:00,214 - EnvironmentData - INFO - Conserv API GET https://api.conserv.io/v1/sensors/export/3f4ce982-1b48-44f0-a0dd-5547c7d5b109/status headers={'x-api-key': 'XXXX', 'Content-Type': 'application/json'}
2025-12-03 23:52:10,638 - EnvironmentData - INFO - Conserv API GET https://api.conserv.io/v1/sensors/export/3f4ce982-1b48-44f0-a0dd-5547c7d5b109/status headers={'x-api-key': 'XXXX', 'Content-Type': 'application/json'}
2025-12-03 23:52:21,000 - EnvironmentData - INFO - Conserv API GET https://api.conserv.io/v1/sensors/export/3f4ce982-1b48-44f0-a0dd-5547c7d5b109/status headers={'x-api-key': 'XXXX', 'Content-Type': 'application/json'}
2025-12-03 23:52:31,390 - EnvironmentData - INFO - Conserv API GET https://api.conserv.io/v1/sensors/export/3f4ce982-1b48-44f0-a0dd-5547c7d5b109/status headers={'x-api-key': 'XXXX', 'Content-Type': 'application/json'}
2025-12-03 23:52:41,758 - EnvironmentData - INFO - Conserv API GET https://api.conserv.io/v1/sensors/export/3f4ce982-1b48-44f0-a0dd-5547c7d5b109/status headers={'x-api-key': 'XXXX', 'Content-Type': 'application/json'}
2025-12-03 23:52:52,128 - EnvironmentData - INFO - Conserv API GET https://api.conserv.io/v1/sensors/export/3f4ce982-1b48-44f0-a0dd-5547c7d5b109/status headers={'x-api-key': 'XXXX', 'Content-Type': 'application/json'}
2025-12-03 23:53:02,502 - EnvironmentData - INFO - Conserv API GET https://api.conserv.io/v1/sensors/export/3f4ce982-1b48-44f0-a0dd-5547c7d5b109/status headers={'x-api-key': 'XXXX', 'Content-Type': 'application/json'}
2025-12-03 23:53:12,908 - EnvironmentData - INFO - Conserv API GET https://api.conserv.io/v1/sensors/export/3f4ce982-1b48-44f0-a0dd-5547c7d5b109/status headers={'x-api-key': 'XXXX', 'Content-Type': 'application/json'}
2025-12-03 23:53:23,311 - EnvironmentData - INFO - Conserv API GET https://api.conserv.io/v1/sensors/export/3f4ce982-1b48-44f0-a0dd-5547c7d5b109/status headers={'x-api-key': 'XXXX', 'Content-Type': 'application/json'}
2025-12-03 23:53:33,678 - EnvironmentData - INFO - Conserv API GET https://api.conserv.io/v1/sensors/export/3f4ce982-1b48-44f0-a0dd-5547c7d5b109/status headers={'x-api-key': 'XXXX', 'Content-Type': 'application/json'}
2025-12-03 23:53:34,045 - EnvironmentData - INFO - Export 3f4ce982-1b48-44f0-a0dd-5547c7d5b109 completed successfully in 93.8 seconds
2025-12-03 23:53:39,045 - EnvironmentData - INFO - Conserv API POST https://api.conserv.io/v1/sensors/export/3f4ce982-1b48-44f0-a0dd-5547c7d5b109/download headers={'x-api-key': 'XXXX', 'Content-Type': 'application/json'}
2025-12-03 23:53:39,425 - EnvironmentData - INFO - Downloading export data from S3
2025-12-03 23:53:40,084 - EnvironmentData - INFO - Downloaded 20096 rows, 8 columns
2025-12-03 23:53:40,085 - EnvironmentData - INFO - Successfully exported 20096 rows for customer 333
2025-12-03 23:53:40,085 - EnvironmentData - INFO - Exporting chunk for customer 333: 2025-11-30 23:51:59+00:00 to 2025-12-03 23:51:59+00:00
2025-12-03 23:53:40,085 - EnvironmentData - INFO - Starting export for customer 333: 2025-11-30 23:51:59+00:00 to 2025-12-03 23:51:59+00:00
2025-12-03 23:53:40,085 - EnvironmentData - INFO - Conserv API POST https://api.conserv.io/v1/sensors/export headers={'x-api-key': 'XXXX', 'Content-Type': 'application/json'}
2025-12-03 23:53:40,487 - EnvironmentData - INFO - Conserv export launched: 3a913cc7-ea6f-4ef6-83f5-917eab863113
2025-12-03 23:53:40,487 - EnvironmentData - INFO - Conserv API GET https://api.conserv.io/v1/sensors/export/3a913cc7-ea6f-4ef6-83f5-917eab863113/status headers={'x-api-key': 'XXXX', 'Content-Type': 'application/json'}
2025-12-03 23:53:50,835 - EnvironmentData - INFO - Conserv API GET https://api.conserv.io/v1/sensors/export/3a913cc7-ea6f-4ef6-83f5-917eab863113/status headers={'x-api-key': 'XXXX', 'Content-Type': 'application/json'}
2025-12-03 23:54:01,225 - EnvironmentData - INFO - Conserv API GET https://api.conserv.io/v1/sensors/export/3a913cc7-ea6f-4ef6-83f5-917eab863113/status headers={'x-api-key': 'XXXX', 'Content-Type': 'application/json'}
2025-12-03 23:54:11,677 - EnvironmentData - INFO - Conserv API GET https://api.conserv.io/v1/sensors/export/3a913cc7-ea6f-4ef6-83f5-917eab863113/status headers={'x-api-key': 'XXXX', 'Content-Type': 'application/json'}
2025-12-03 23:54:22,088 - EnvironmentData - INFO - Conserv API GET https://api.conserv.io/v1/sensors/export/3a913cc7-ea6f-4ef6-83f5-917eab863113/status headers={'x-api-key': 'XXXX', 'Content-Type': 'application/json'}
2025-12-03 23:54:32,462 - EnvironmentData - INFO - Conserv API GET https://api.conserv.io/v1/sensors/export/3a913cc7-ea6f-4ef6-83f5-917eab863113/status headers={'x-api-key': 'XXXX', 'Content-Type': 'application/json'}
2025-12-03 23:54:42,835 - EnvironmentData - INFO - Conserv API GET https://api.conserv.io/v1/sensors/export/3a913cc7-ea6f-4ef6-83f5-917eab863113/status headers={'x-api-key': 'XXXX', 'Content-Type': 'application/json'}
2025-12-03 23:54:53,218 - EnvironmentData - INFO - Conserv API GET https://api.conserv.io/v1/sensors/export/3a913cc7-ea6f-4ef6-83f5-917eab863113/status headers={'x-api-key': 'XXXX', 'Content-Type': 'application/json'}
2025-12-03 23:55:03,581 - EnvironmentData - INFO - Conserv API GET https://api.conserv.io/v1/sensors/export/3a913cc7-ea6f-4ef6-83f5-917eab863113/status headers={'x-api-key': 'XXXX', 'Content-Type': 'application/json'}
2025-12-03 23:55:13,971 - EnvironmentData - INFO - Conserv API GET https://api.conserv.io/v1/sensors/export/3a913cc7-ea6f-4ef6-83f5-917eab863113/status headers={'x-api-key': 'XXXX', 'Content-Type': 'application/json'}
2025-12-03 23:55:14,341 - EnvironmentData - INFO - Export 3a913cc7-ea6f-4ef6-83f5-917eab863113 completed successfully in 93.9 seconds
2025-12-03 23:55:19,341 - EnvironmentData - INFO - Conserv API POST https://api.conserv.io/v1/sensors/export/3a913cc7-ea6f-4ef6-83f5-917eab863113/download headers={'x-api-key': 'XXXX', 'Content-Type': 'application/json'}
2025-12-03 23:55:19,694 - EnvironmentData - INFO - Downloading export data from S3
2025-12-03 23:55:20,280 - EnvironmentData - INFO - Downloaded 8598 rows, 8 columns
2025-12-03 23:55:20,281 - EnvironmentData - INFO - Successfully exported 8598 rows for customer 333
2025-12-03 23:55:20,281 - EnvironmentData - INFO - Successfully fetched 28694 records for customer 333
2025-12-03 23:55:20,281 - EnvironmentData - INFO - Fetching data for customer 1545
2025-12-03 23:55:20,281 - EnvironmentData - INFO - Exporting chunk for customer 1545: 2025-11-23 23:51:59+00:00 to 2025-11-30 23:51:59+00:00
2025-12-03 23:55:20,282 - EnvironmentData - INFO - Starting export for customer 1545: 2025-11-23 23:51:59+00:00 to 2025-11-30 23:51:59+00:00
2025-12-03 23:55:20,282 - EnvironmentData - INFO - Conserv API POST https://api.conserv.io/v1/sensors/export headers={'x-api-key': 'XXXX', 'Content-Type': 'application/json'}
2025-12-03 23:55:20,615 - EnvironmentData - ERROR - API request failed after SSL fallback: 403 Forbidden
2025-12-03 23:55:20,615 - EnvironmentData - WARNING - Failed to fetch data for customer 1545: 403 Client Error: Forbidden for url: https://api.conserv.io/v1/sensors/export
2025-12-03 23:55:20,615 - EnvironmentData - INFO - Fetching data for customer 307
2025-12-03 23:55:20,615 - EnvironmentData - INFO - Exporting chunk for customer 307: 2025-11-23 23:51:59+00:00 to 2025-11-30 23:51:59+00:00
2025-12-03 23:55:20,615 - EnvironmentData - INFO - Starting export for customer 307: 2025-11-23 23:51:59+00:00 to 2025-11-30 23:51:59+00:00
2025-12-03 23:55:20,616 - EnvironmentData - INFO - Conserv API POST https://api.conserv.io/v1/sensors/export headers={'x-api-key': 'XXXX', 'Content-Type': 'application/json'}
2025-12-03 23:55:21,110 - EnvironmentData - INFO - Conserv export launched: 3e11b4cb-11fe-41de-b393-0fe86aa6a2a1
2025-12-03 23:55:21,110 - EnvironmentData - INFO - Conserv API GET https://api.conserv.io/v1/sensors/export/3e11b4cb-11fe-41de-b393-0fe86aa6a2a1/status headers={'x-api-key': 'XXXX', 'Content-Type': 'application/json'}
2025-12-03 23:55:31,465 - EnvironmentData - INFO - Conserv API GET https://api.conserv.io/v1/sensors/export/3e11b4cb-11fe-41de-b393-0fe86aa6a2a1/status headers={'x-api-key': 'XXXX', 'Content-Type': 'application/json'}
2025-12-03 23:55:41,814 - EnvironmentData - INFO - Conserv API GET https://api.conserv.io/v1/sensors/export/3e11b4cb-11fe-41de-b393-0fe86aa6a2a1/status headers={'x-api-key': 'XXXX', 'Content-Type': 'application/json'}
2025-12-03 23:55:52,192 - EnvironmentData - INFO - Conserv API GET https://api.conserv.io/v1/sensors/export/3e11b4cb-11fe-41de-b393-0fe86aa6a2a1/status headers={'x-api-key': 'XXXX', 'Content-Type': 'application/json'}
2025-12-03 23:56:02,562 - EnvironmentData - INFO - Conserv API GET https://api.conserv.io/v1/sensors/export/3e11b4cb-11fe-41de-b393-0fe86aa6a2a1/status headers={'x-api-key': 'XXXX', 'Content-Type': 'application/json'}
2025-12-03 23:56:12,932 - EnvironmentData - INFO - Conserv API GET https://api.conserv.io/v1/sensors/export/3e11b4cb-11fe-41de-b393-0fe86aa6a2a1/status headers={'x-api-key': 'XXXX', 'Content-Type': 'application/json'}
2025-12-03 23:56:23,290 - EnvironmentData - INFO - Conserv API GET https://api.conserv.io/v1/sensors/export/3e11b4cb-11fe-41de-b393-0fe86aa6a2a1/status headers={'x-api-key': 'XXXX', 'Content-Type': 'application/json'}
2025-12-03 23:56:33,680 - EnvironmentData - INFO - Conserv API GET https://api.conserv.io/v1/sensors/export/3e11b4cb-11fe-41de-b393-0fe86aa6a2a1/status headers={'x-api-key': 'XXXX', 'Content-Type': 'application/json'}
2025-12-03 23:56:44,047 - EnvironmentData - INFO - Conserv API GET https://api.conserv.io/v1/sensors/export/3e11b4cb-11fe-41de-b393-0fe86aa6a2a1/status headers={'x-api-key': 'XXXX', 'Content-Type': 'application/json'}
2025-12-03 23:56:54,419 - EnvironmentData - INFO - Conserv API GET https://api.conserv.io/v1/sensors/export/3e11b4cb-11fe-41de-b393-0fe86aa6a2a1/status headers={'x-api-key': 'XXXX', 'Content-Type': 'application/json'}
2025-12-03 23:57:04,796 - EnvironmentData - INFO - Conserv API GET https://api.conserv.io/v1/sensors/export/3e11b4cb-11fe-41de-b393-0fe86aa6a2a1/status headers={'x-api-key': 'XXXX', 'Content-Type': 'application/json'}
2025-12-03 23:57:05,166 - EnvironmentData - INFO - Export 3e11b4cb-11fe-41de-b393-0fe86aa6a2a1 completed successfully in 104.1 seconds
2025-12-03 23:57:10,166 - EnvironmentData - INFO - Conserv API POST https://api.conserv.io/v1/sensors/export/3e11b4cb-11fe-41de-b393-0fe86aa6a2a1/download headers={'x-api-key': 'XXXX', 'Content-Type': 'application/json'}
2025-12-03 23:57:10,539 - EnvironmentData - INFO - Downloading export data from S3
2025-12-03 23:57:11,164 - EnvironmentData - INFO - Downloaded 58973 rows, 8 columns
2025-12-03 23:57:11,165 - EnvironmentData - INFO - Successfully exported 58973 rows for customer 307
2025-12-03 23:57:11,165 - EnvironmentData - INFO - Exporting chunk for customer 307: 2025-11-30 23:51:59+00:00 to 2025-12-03 23:51:59+00:00
2025-12-03 23:57:11,165 - EnvironmentData - INFO - Starting export for customer 307: 2025-11-30 23:51:59+00:00 to 2025-12-03 23:51:59+00:00
2025-12-03 23:57:11,165 - EnvironmentData - INFO - Conserv API POST https://api.conserv.io/v1/sensors/export headers={'x-api-key': 'XXXX', 'Content-Type': 'application/json'}
2025-12-03 23:57:11,625 - EnvironmentData - INFO - Conserv export launched: d6a01509-3b56-4799-87a9-897c871c5b30
2025-12-03 23:57:11,625 - EnvironmentData - INFO - Conserv API GET https://api.conserv.io/v1/sensors/export/d6a01509-3b56-4799-87a9-897c871c5b30/status headers={'x-api-key': 'XXXX', 'Content-Type': 'application/json'}
2025-12-03 23:57:22,002 - EnvironmentData - INFO - Conserv API GET https://api.conserv.io/v1/sensors/export/d6a01509-3b56-4799-87a9-897c871c5b30/status headers={'x-api-key': 'XXXX', 'Content-Type': 'application/json'}
2025-12-03 23:57:32,380 - EnvironmentData - INFO - Conserv API GET https://api.conserv.io/v1/sensors/export/d6a01509-3b56-4799-87a9-897c871c5b30/status headers={'x-api-key': 'XXXX', 'Content-Type': 'application/json'}
2025-12-03 23:57:42,780 - EnvironmentData - INFO - Conserv API GET https://api.conserv.io/v1/sensors/export/d6a01509-3b56-4799-87a9-897c871c5b30/status headers={'x-api-key': 'XXXX', 'Content-Type': 'application/json'}
2025-12-03 23:57:53,140 - EnvironmentData - INFO - Conserv API GET https://api.conserv.io/v1/sensors/export/d6a01509-3b56-4799-87a9-897c871c5b30/status headers={'x-api-key': 'XXXX', 'Content-Type': 'application/json'}
2025-12-03 23:58:03,520 - EnvironmentData - INFO - Conserv API GET https://api.conserv.io/v1/sensors/export/d6a01509-3b56-4799-87a9-897c871c5b30/status headers={'x-api-key': 'XXXX', 'Content-Type': 'application/json'}
2025-12-03 23:58:13,884 - EnvironmentData - INFO - Conserv API GET https://api.conserv.io/v1/sensors/export/d6a01509-3b56-4799-87a9-897c871c5b30/status headers={'x-api-key': 'XXXX', 'Content-Type': 'application/json'}
2025-12-03 23:58:24,286 - EnvironmentData - INFO - Conserv API GET https://api.conserv.io/v1/sensors/export/d6a01509-3b56-4799-87a9-897c871c5b30/status headers={'x-api-key': 'XXXX', 'Content-Type': 'application/json'}
2025-12-03 23:58:34,651 - EnvironmentData - INFO - Conserv API GET https://api.conserv.io/v1/sensors/export/d6a01509-3b56-4799-87a9-897c871c5b30/status headers={'x-api-key': 'XXXX', 'Content-Type': 'application/json'}
2025-12-03 23:58:45,232 - EnvironmentData - INFO - Conserv API GET https://api.conserv.io/v1/sensors/export/d6a01509-3b56-4799-87a9-897c871c5b30/status headers={'x-api-key': 'XXXX', 'Content-Type': 'application/json'}
2025-12-03 23:58:55,591 - EnvironmentData - INFO - Conserv API GET https://api.conserv.io/v1/sensors/export/d6a01509-3b56-4799-87a9-897c871c5b30/status headers={'x-api-key': 'XXXX', 'Content-Type': 'application/json'}
2025-12-03 23:58:55,940 - EnvironmentData - INFO - Export d6a01509-3b56-4799-87a9-897c871c5b30 completed successfully in 104.3 seconds
2025-12-03 23:59:00,940 - EnvironmentData - INFO - Conserv API POST https://api.conserv.io/v1/sensors/export/d6a01509-3b56-4799-87a9-897c871c5b30/download headers={'x-api-key': 'XXXX', 'Content-Type': 'application/json'}
2025-12-03 23:59:01,338 - EnvironmentData - INFO - Downloading export data from S3
2025-12-03 23:59:02,000 - EnvironmentData - INFO - Downloaded 25366 rows, 8 columns
2025-12-03 23:59:02,000 - EnvironmentData - INFO - Successfully exported 25366 rows for customer 307
2025-12-03 23:59:02,000 - EnvironmentData - INFO - Successfully fetched 84339 records for customer 307
2025-12-03 23:59:02,000 - EnvironmentData - INFO - Fetching data for customer 2671
2025-12-03 23:59:02,001 - EnvironmentData - INFO - Exporting chunk for customer 2671: 2025-11-23 23:51:59+00:00 to 2025-11-30 23:51:59+00:00
2025-12-03 23:59:02,001 - EnvironmentData - INFO - Starting export for customer 2671: 2025-11-23 23:51:59+00:00 to 2025-11-30 23:51:59+00:00
2025-12-03 23:59:02,001 - EnvironmentData - INFO - Conserv API POST https://api.conserv.io/v1/sensors/export headers={'x-api-key': 'XXXX', 'Content-Type': 'application/json'}
2025-12-03 23:59:02,427 - EnvironmentData - INFO - Conserv export launched: 01adb550-e802-41d3-8d1b-d3bca6ce9d6d
2025-12-03 23:59:02,427 - EnvironmentData - INFO - Conserv API GET https://api.conserv.io/v1/sensors/export/01adb550-e802-41d3-8d1b-d3bca6ce9d6d/status headers={'x-api-key': 'XXXX', 'Content-Type': 'application/json'}
2025-12-03 23:59:12,792 - EnvironmentData - INFO - Conserv API GET https://api.conserv.io/v1/sensors/export/01adb550-e802-41d3-8d1b-d3bca6ce9d6d/status headers={'x-api-key': 'XXXX', 'Content-Type': 'application/json'}
2025-12-03 23:59:23,178 - EnvironmentData - INFO - Conserv API GET https://api.conserv.io/v1/sensors/export/01adb550-e802-41d3-8d1b-d3bca6ce9d6d/status headers={'x-api-key': 'XXXX', 'Content-Type': 'application/json'}
2025-12-03 23:59:33,529 - EnvironmentData - INFO - Conserv API GET https://api.conserv.io/v1/sensors/export/01adb550-e802-41d3-8d1b-d3bca6ce9d6d/status headers={'x-api-key': 'XXXX', 'Content-Type': 'application/json'}
2025-12-03 23:59:43,903 - EnvironmentData - INFO - Conserv API GET https://api.conserv.io/v1/sensors/export/01adb550-e802-41d3-8d1b-d3bca6ce9d6d/status headers={'x-api-key': 'XXXX', 'Content-Type': 'application/json'}
2025-12-03 23:59:54,283 - EnvironmentData - INFO - Conserv API GET https://api.conserv.io/v1/sensors/export/01adb550-e802-41d3-8d1b-d3bca6ce9d6d/status headers={'x-api-key': 'XXXX', 'Content-Type': 'application/json'}
2025-12-04 00:00:04,639 - EnvironmentData - INFO - Conserv API GET https://api.conserv.io/v1/sensors/export/01adb550-e802-41d3-8d1b-d3bca6ce9d6d/status headers={'x-api-key': 'XXXX', 'Content-Type': 'application/json'}
2025-12-04 00:00:15,054 - EnvironmentData - INFO - Conserv API GET https://api.conserv.io/v1/sensors/export/01adb550-e802-41d3-8d1b-d3bca6ce9d6d/status headers={'x-api-key': 'XXXX', 'Content-Type': 'application/json'}
2025-12-04 00:00:25,415 - EnvironmentData - INFO - Conserv API GET https://api.conserv.io/v1/sensors/export/01adb550-e802-41d3-8d1b-d3bca6ce9d6d/status headers={'x-api-key': 'XXXX', 'Content-Type': 'application/json'}
2025-12-04 00:00:35,780 - EnvironmentData - INFO - Conserv API GET https://api.conserv.io/v1/sensors/export/01adb550-e802-41d3-8d1b-d3bca6ce9d6d/status headers={'x-api-key': 'XXXX', 'Content-Type': 'application/json'}
2025-12-04 00:00:36,153 - EnvironmentData - INFO - Export 01adb550-e802-41d3-8d1b-d3bca6ce9d6d completed successfully in 93.7 seconds
2025-12-04 00:00:41,153 - EnvironmentData - INFO - Conserv API POST https://api.conserv.io/v1/sensors/export/01adb550-e802-41d3-8d1b-d3bca6ce9d6d/download headers={'x-api-key': 'XXXX', 'Content-Type': 'application/json'}
2025-12-04 00:00:41,517 - EnvironmentData - ERROR - API request failed after SSL fallback: 404 Not Found
2025-12-04 00:00:41,517 - EnvironmentData - WARNING - Failed to fetch data for customer 2671: 404 Client Error: Not Found for url: https://api.conserv.io/v1/sensors/export/01adb550-e802-41d3-8d1b-d3bca6ce9d6d/download
2025-12-04 00:00:41,517 - EnvironmentData - INFO - Fetching data for customer 1696
2025-12-04 00:00:41,518 - EnvironmentData - INFO - Exporting chunk for customer 1696: 2025-11-23 23:51:59+00:00 to 2025-11-30 23:51:59+00:00
2025-12-04 00:00:41,518 - EnvironmentData - INFO - Starting export for customer 1696: 2025-11-23 23:51:59+00:00 to 2025-11-30 23:51:59+00:00
2025-12-04 00:00:41,518 - EnvironmentData - INFO - Conserv API POST https://api.conserv.io/v1/sensors/export headers={'x-api-key': 'XXXX', 'Content-Type': 'application/json'}
2025-12-04 00:00:42,044 - EnvironmentData - INFO - Conserv export launched: dd05e80a-9a14-4844-8d27-ae430e323596
2025-12-04 00:00:42,044 - EnvironmentData - INFO - Conserv API GET https://api.conserv.io/v1/sensors/export/dd05e80a-9a14-4844-8d27-ae430e323596/status headers={'x-api-key': 'XXXX', 'Content-Type': 'application/json'}
2025-12-04 00:00:52,410 - EnvironmentData - INFO - Conserv API GET https://api.conserv.io/v1/sensors/export/dd05e80a-9a14-4844-8d27-ae430e323596/status headers={'x-api-key': 'XXXX', 'Content-Type': 'application/json'}
2025-12-04 00:01:02,812 - EnvironmentData - INFO - Conserv API GET https://api.conserv.io/v1/sensors/export/dd05e80a-9a14-4844-8d27-ae430e323596/status headers={'x-api-key': 'XXXX', 'Content-Type': 'application/json'}
2025-12-04 00:01:13,185 - EnvironmentData - INFO - Conserv API GET https://api.conserv.io/v1/sensors/export/dd05e80a-9a14-4844-8d27-ae430e323596/status headers={'x-api-key': 'XXXX', 'Content-Type': 'application/json'}
2025-12-04 00:01:23,543 - EnvironmentData - INFO - Conserv API GET https://api.conserv.io/v1/sensors/export/dd05e80a-9a14-4844-8d27-ae430e323596/status headers={'x-api-key': 'XXXX', 'Content-Type': 'application/json'}
2025-12-04 00:01:33,931 - EnvironmentData - INFO - Conserv API GET https://api.conserv.io/v1/sensors/export/dd05e80a-9a14-4844-8d27-ae430e323596/status headers={'x-api-key': 'XXXX', 'Content-Type': 'application/json'}
2025-12-04 00:01:44,314 - EnvironmentData - INFO - Conserv API GET https://api.conserv.io/v1/sensors/export/dd05e80a-9a14-4844-8d27-ae430e323596/status headers={'x-api-key': 'XXXX', 'Content-Type': 'application/json'}
2025-12-04 00:01:54,680 - EnvironmentData - INFO - Conserv API GET https://api.conserv.io/v1/sensors/export/dd05e80a-9a14-4844-8d27-ae430e323596/status headers={'x-api-key': 'XXXX', 'Content-Type': 'application/json'}
2025-12-04 00:02:05,059 - EnvironmentData - INFO - Conserv API GET https://api.conserv.io/v1/sensors/export/dd05e80a-9a14-4844-8d27-ae430e323596/status headers={'x-api-key': 'XXXX', 'Content-Type': 'application/json'}
2025-12-04 00:02:15,433 - EnvironmentData - INFO - Conserv API GET https://api.conserv.io/v1/sensors/export/dd05e80a-9a14-4844-8d27-ae430e323596/status headers={'x-api-key': 'XXXX', 'Content-Type': 'application/json'}
2025-12-04 00:02:15,779 - EnvironmentData - INFO - Export dd05e80a-9a14-4844-8d27-ae430e323596 completed successfully in 93.7 seconds
2025-12-04 00:02:20,780 - EnvironmentData - INFO - Conserv API POST https://api.conserv.io/v1/sensors/export/dd05e80a-9a14-4844-8d27-ae430e323596/download headers={'x-api-key': 'XXXX', 'Content-Type': 'application/json'}
2025-12-04 00:02:21,145 - EnvironmentData - ERROR - API request failed after SSL fallback: 404 Not Found
2025-12-04 00:02:21,145 - EnvironmentData - WARNING - Failed to fetch data for customer 1696: 404 Client Error: Not Found for url: https://api.conserv.io/v1/sensors/export/dd05e80a-9a14-4844-8d27-ae430e323596/download
2025-12-04 00:02:21,147 - EnvironmentData - INFO - Transforming Conserv data to standardized schema
2025-12-04 00:02:21,232 - EnvironmentData - INFO - Conserv transformation complete: 226066 records (doubled from device to sensor format)
2025-12-04 00:02:21,233 - EnvironmentData - INFO - Successfully combined data from 2 customers: 226066 total records
2025-12-04 00:02:21,267 - EnvironmentData - INFO - initialize_database_conserv validation passed: no duplicated SensorReadingUTC per SensorID.
2025-12-04 00:02:21,277 - EnvironmentData - INFO - initialize_database_conserv validation passed: one SensorName per SensorID.
2025-12-04 00:02:21,277 - EnvironmentData - INFO - Successfully processed 226066 Conserv historical records
2025-12-04 00:02:21,277 - EnvironmentData - INFO - API call: https://cats.corismonitoring.com/api/cats/user/?ApiKey=XXXX&CatsUserID=XXXX
2025-12-04 00:02:23,127 - EnvironmentData - INFO - API call: https://cats.corismonitoring.com/api/sensor/historical/?ApiKey=XXXX&SensorID=21373&ReadingType=SensorReadingF&StartUTC=1763941919&EndUTC=1764805919&MinReadingSpacing=900&RequestedOutputFormat=raw
2025-12-04 00:02:24,935 - EnvironmentData - INFO - API call: https://cats.corismonitoring.com/api/sensor/historical/?ApiKey=XXXX&SensorID=21375&ReadingType=SensorReadingF&StartUTC=1763941919&EndUTC=1764805919&MinReadingSpacing=900&RequestedOutputFormat=raw
2025-12-04 00:02:26,816 - EnvironmentData - INFO - API call: https://cats.corismonitoring.com/api/sensor/historical/?ApiKey=XXXX&SensorID=21377&ReadingType=SensorReadingF&StartUTC=1763941919&EndUTC=1764805919&MinReadingSpacing=900&RequestedOutputFormat=raw
2025-12-04 00:02:28,723 - EnvironmentData - INFO - API call: https://cats.corismonitoring.com/api/sensor/historical/?ApiKey=XXXX&SensorID=21379&ReadingType=SensorReadingF&StartUTC=1763941919&EndUTC=1764805919&MinReadingSpacing=900&RequestedOutputFormat=raw
2025-12-04 00:02:30,665 - EnvironmentData - INFO - API call: https://cats.corismonitoring.com/api/sensor/historical/?ApiKey=XXXX&SensorID=21381&ReadingType=SensorReadingF&StartUTC=1763941919&EndUTC=1764805919&MinReadingSpacing=900&RequestedOutputFormat=raw
2025-12-04 00:02:32,455 - EnvironmentData - INFO - API call: https://cats.corismonitoring.com/api/sensor/historical/?ApiKey=XXXX&SensorID=21387&ReadingType=SensorReadingF&StartUTC=1763941919&EndUTC=1764805919&MinReadingSpacing=900&RequestedOutputFormat=raw
2025-12-04 00:02:34,314 - EnvironmentData - INFO - API call: https://cats.corismonitoring.com/api/sensor/historical/?ApiKey=XXXX&SensorID=22956&ReadingType=SensorReadingF&StartUTC=1763941919&EndUTC=1764805919&MinReadingSpacing=900&RequestedOutputFormat=raw
2025-12-04 00:02:36,136 - EnvironmentData - INFO - API call: https://cats.corismonitoring.com/api/sensor/historical/?ApiKey=XXXX&SensorID=22958&ReadingType=SensorReadingF&StartUTC=1763941919&EndUTC=1764805919&MinReadingSpacing=900&RequestedOutputFormat=raw
2025-12-04 00:02:37,946 - EnvironmentData - INFO - API call: https://cats.corismonitoring.com/api/sensor/historical/?ApiKey=XXXX&SensorID=22960&ReadingType=SensorReadingF&StartUTC=1763941919&EndUTC=1764805919&MinReadingSpacing=900&RequestedOutputFormat=raw
2025-12-04 00:02:39,735 - EnvironmentData - INFO - API call: https://cats.corismonitoring.com/api/sensor/historical/?ApiKey=XXXX&SensorID=22964&ReadingType=SensorReadingF&StartUTC=1763941919&EndUTC=1764805919&MinReadingSpacing=900&RequestedOutputFormat=raw
2025-12-04 00:02:41,571 - EnvironmentData - INFO - API call: https://cats.corismonitoring.com/api/sensor/historical/?ApiKey=XXXX&SensorID=23329&ReadingType=SensorReadingF&StartUTC=1763941919&EndUTC=1764805919&MinReadingSpacing=900&RequestedOutputFormat=raw
2025-12-04 00:02:43,361 - EnvironmentData - INFO - API call: https://cats.corismonitoring.com/api/sensor/historical/?ApiKey=XXXX&SensorID=23331&ReadingType=SensorReadingF&StartUTC=1763941919&EndUTC=1764805919&MinReadingSpacing=900&RequestedOutputFormat=raw
2025-12-04 00:02:45,335 - EnvironmentData - INFO - API call: https://cats.corismonitoring.com/api/sensor/historical/?ApiKey=XXXX&SensorID=23368&ReadingType=SensorReadingF&StartUTC=1763941919&EndUTC=1764805919&MinReadingSpacing=900&RequestedOutputFormat=raw
2025-12-04 00:02:47,145 - EnvironmentData - INFO - API call: https://cats.corismonitoring.com/api/sensor/historical/?ApiKey=XXXX&SensorID=23370&ReadingType=SensorReadingF&StartUTC=1763941919&EndUTC=1764805919&MinReadingSpacing=900&RequestedOutputFormat=raw
2025-12-04 00:02:49,066 - EnvironmentData - INFO - API call: https://cats.corismonitoring.com/api/sensor/historical/?ApiKey=XXXX&SensorID=23372&ReadingType=SensorReadingF&StartUTC=1763941919&EndUTC=1764805919&MinReadingSpacing=900&RequestedOutputFormat=raw
2025-12-04 00:02:50,899 - EnvironmentData - INFO - API call: https://cats.corismonitoring.com/api/sensor/historical/?ApiKey=XXXX&SensorID=23374&ReadingType=SensorReadingF&StartUTC=1763941919&EndUTC=1764805919&MinReadingSpacing=900&RequestedOutputFormat=raw
2025-12-04 00:02:52,885 - EnvironmentData - INFO - API call: https://cats.corismonitoring.com/api/sensor/historical/?ApiKey=XXXX&SensorID=23376&ReadingType=SensorReadingF&StartUTC=1763941919&EndUTC=1764805919&MinReadingSpacing=900&RequestedOutputFormat=raw
2025-12-04 00:02:54,789 - EnvironmentData - INFO - API call: https://cats.corismonitoring.com/api/sensor/historical/?ApiKey=XXXX&SensorID=23378&ReadingType=SensorReadingF&StartUTC=1763941919&EndUTC=1764805919&MinReadingSpacing=900&RequestedOutputFormat=raw
2025-12-04 00:02:56,821 - EnvironmentData - INFO - API call: https://cats.corismonitoring.com/api/sensor/historical/?ApiKey=XXXX&SensorID=23380&ReadingType=SensorReadingF&StartUTC=1763941919&EndUTC=1764805919&MinReadingSpacing=900&RequestedOutputFormat=raw
2025-12-04 00:02:58,794 - EnvironmentData - INFO - API call: https://cats.corismonitoring.com/api/sensor/historical/?ApiKey=XXXX&SensorID=23382&ReadingType=SensorReadingF&StartUTC=1763941919&EndUTC=1764805919&MinReadingSpacing=900&RequestedOutputFormat=raw
2025-12-04 00:03:00,858 - EnvironmentData - INFO - API call: https://cats.corismonitoring.com/api/sensor/historical/?ApiKey=XXXX&SensorID=23384&ReadingType=SensorReadingF&StartUTC=1763941919&EndUTC=1764805919&MinReadingSpacing=900&RequestedOutputFormat=raw
2025-12-04 00:03:02,753 - EnvironmentData - INFO - API call: https://cats.corismonitoring.com/api/sensor/historical/?ApiKey=XXXX&SensorID=23386&ReadingType=SensorReadingF&StartUTC=1763941919&EndUTC=1764805919&MinReadingSpacing=900&RequestedOutputFormat=raw
2025-12-04 00:03:04,610 - EnvironmentData - INFO - API call: https://cats.corismonitoring.com/api/sensor/historical/?ApiKey=XXXX&SensorID=23388&ReadingType=SensorReadingF&StartUTC=1763941919&EndUTC=1764805919&MinReadingSpacing=900&RequestedOutputFormat=raw
2025-12-04 00:03:06,479 - EnvironmentData - INFO - API call: https://cats.corismonitoring.com/api/sensor/historical/?ApiKey=XXXX&SensorID=23390&ReadingType=SensorReadingF&StartUTC=1763941919&EndUTC=1764805919&MinReadingSpacing=900&RequestedOutputFormat=raw
2025-12-04 00:03:08,514 - EnvironmentData - INFO - API call: https://cats.corismonitoring.com/api/sensor/historical/?ApiKey=XXXX&SensorID=23392&ReadingType=SensorReadingF&StartUTC=1763941919&EndUTC=1764805919&MinReadingSpacing=900&RequestedOutputFormat=raw
2025-12-04 00:03:10,346 - EnvironmentData - INFO - API call: https://cats.corismonitoring.com/api/sensor/historical/?ApiKey=XXXX&SensorID=23394&ReadingType=SensorReadingF&StartUTC=1763941919&EndUTC=1764805919&MinReadingSpacing=900&RequestedOutputFormat=raw
2025-12-04 00:03:12,205 - EnvironmentData - INFO - API call: https://cats.corismonitoring.com/api/sensor/historical/?ApiKey=XXXX&SensorID=23396&ReadingType=SensorReadingF&StartUTC=1763941919&EndUTC=1764805919&MinReadingSpacing=900&RequestedOutputFormat=raw
2025-12-04 00:03:14,013 - EnvironmentData - INFO - API call: https://cats.corismonitoring.com/api/sensor/historical/?ApiKey=XXXX&SensorID=23398&ReadingType=SensorReadingF&StartUTC=1763941919&EndUTC=1764805919&MinReadingSpacing=900&RequestedOutputFormat=raw
2025-12-04 00:03:15,850 - EnvironmentData - INFO - API call: https://cats.corismonitoring.com/api/sensor/historical/?ApiKey=XXXX&SensorID=23400&ReadingType=SensorReadingF&StartUTC=1763941919&EndUTC=1764805919&MinReadingSpacing=900&RequestedOutputFormat=raw
2025-12-04 00:03:17,689 - EnvironmentData - INFO - API call: https://cats.corismonitoring.com/api/sensor/historical/?ApiKey=XXXX&SensorID=23402&ReadingType=SensorReadingF&StartUTC=1763941919&EndUTC=1764805919&MinReadingSpacing=900&RequestedOutputFormat=raw
2025-12-04 00:03:19,522 - EnvironmentData - INFO - API call: https://cats.corismonitoring.com/api/sensor/historical/?ApiKey=XXXX&SensorID=25954&ReadingType=SensorReadingF&StartUTC=1763941919&EndUTC=1764805919&MinReadingSpacing=900&RequestedOutputFormat=raw
2025-12-04 00:03:21,454 - EnvironmentData - INFO - API call: https://cats.corismonitoring.com/api/sensor/historical/?ApiKey=XXXX&SensorID=25958&ReadingType=SensorReadingF&StartUTC=1763941919&EndUTC=1764805919&MinReadingSpacing=900&RequestedOutputFormat=raw
2025-12-04 00:03:24,051 - EnvironmentData - INFO - API call: https://cats.corismonitoring.com/api/sensor/historical/?ApiKey=XXXX&SensorID=25960&ReadingType=SensorReadingF&StartUTC=1763941919&EndUTC=1764805919&MinReadingSpacing=900&RequestedOutputFormat=raw
2025-12-04 00:03:26,367 - EnvironmentData - INFO - API call: https://cats.corismonitoring.com/api/sensor/historical/?ApiKey=XXXX&SensorID=25962&ReadingType=SensorReadingF&StartUTC=1763941919&EndUTC=1764805919&MinReadingSpacing=900&RequestedOutputFormat=raw
2025-12-04 00:03:28,185 - EnvironmentData - INFO - API call: https://cats.corismonitoring.com/api/sensor/historical/?ApiKey=XXXX&SensorID=25966&ReadingType=SensorReadingF&StartUTC=1763941919&EndUTC=1764805919&MinReadingSpacing=900&RequestedOutputFormat=raw
2025-12-04 00:03:29,977 - EnvironmentData - INFO - API call: https://cats.corismonitoring.com/api/sensor/historical/?ApiKey=XXXX&SensorID=25968&ReadingType=SensorReadingF&StartUTC=1763941919&EndUTC=1764805919&MinReadingSpacing=900&RequestedOutputFormat=raw
2025-12-04 00:03:31,931 - EnvironmentData - INFO - API call: https://cats.corismonitoring.com/api/sensor/historical/?ApiKey=XXXX&SensorID=25972&ReadingType=SensorReadingF&StartUTC=1763941919&EndUTC=1764805919&MinReadingSpacing=900&RequestedOutputFormat=raw
2025-12-04 00:03:33,736 - EnvironmentData - INFO - API call: https://cats.corismonitoring.com/api/sensor/historical/?ApiKey=XXXX&SensorID=25976&ReadingType=SensorReadingF&StartUTC=1763941919&EndUTC=1764805919&MinReadingSpacing=900&RequestedOutputFormat=raw
2025-12-04 00:03:35,640 - EnvironmentData - INFO - API call: https://cats.corismonitoring.com/api/sensor/historical/?ApiKey=XXXX&SensorID=25984&ReadingType=SensorReadingF&StartUTC=1763941919&EndUTC=1764805919&MinReadingSpacing=900&RequestedOutputFormat=raw
2025-12-04 00:03:37,482 - EnvironmentData - INFO - API call: https://cats.corismonitoring.com/api/sensor/historical/?ApiKey=XXXX&SensorID=25992&ReadingType=SensorReadingF&StartUTC=1763941919&EndUTC=1764805919&MinReadingSpacing=900&RequestedOutputFormat=raw
2025-12-04 00:03:39,284 - EnvironmentData - INFO - API call: https://cats.corismonitoring.com/api/sensor/historical/?ApiKey=XXXX&SensorID=26322&ReadingType=SensorReadingF&StartUTC=1763941919&EndUTC=1764805919&MinReadingSpacing=900&RequestedOutputFormat=raw
2025-12-04 00:03:41,114 - EnvironmentData - INFO - API call: https://cats.corismonitoring.com/api/sensor/historical/?ApiKey=XXXX&SensorID=26364&ReadingType=SensorReadingF&StartUTC=1763941919&EndUTC=1764805919&MinReadingSpacing=900&RequestedOutputFormat=raw
2025-12-04 00:03:42,939 - EnvironmentData - INFO - API call: https://cats.corismonitoring.com/api/sensor/historical/?ApiKey=XXXX&SensorID=26831&ReadingType=SensorReadingF&StartUTC=1763941919&EndUTC=1764805919&MinReadingSpacing=900&RequestedOutputFormat=raw
2025-12-04 00:03:44,684 - EnvironmentData - INFO - API call: https://cats.corismonitoring.com/api/sensor/historical/?ApiKey=XXXX&SensorID=26835&ReadingType=SensorReadingF&StartUTC=1763941919&EndUTC=1764805919&MinReadingSpacing=900&RequestedOutputFormat=raw
2025-12-04 00:03:46,484 - EnvironmentData - INFO - API call: https://cats.corismonitoring.com/api/sensor/historical/?ApiKey=XXXX&SensorID=26837&ReadingType=SensorReadingF&StartUTC=1763941919&EndUTC=1764805919&MinReadingSpacing=900&RequestedOutputFormat=raw
2025-12-04 00:03:48,307 - EnvironmentData - INFO - API call: https://cats.corismonitoring.com/api/sensor/historical/?ApiKey=XXXX&SensorID=26839&ReadingType=SensorReadingF&StartUTC=1763941919&EndUTC=1764805919&MinReadingSpacing=900&RequestedOutputFormat=raw
2025-12-04 00:03:50,064 - EnvironmentData - INFO - API call: https://cats.corismonitoring.com/api/sensor/historical/?ApiKey=XXXX&SensorID=26844&ReadingType=SensorReadingF&StartUTC=1763941919&EndUTC=1764805919&MinReadingSpacing=900&RequestedOutputFormat=raw
2025-12-04 00:03:52,253 - EnvironmentData - INFO - API call: https://cats.corismonitoring.com/api/sensor/historical/?ApiKey=XXXX&SensorID=27398&ReadingType=SensorReadingF&StartUTC=1763941919&EndUTC=1764805919&MinReadingSpacing=900&RequestedOutputFormat=raw
2025-12-04 00:03:54,044 - EnvironmentData - INFO - API call: https://cats.corismonitoring.com/api/sensor/historical/?ApiKey=XXXX&SensorID=28875&ReadingType=SensorReadingF&StartUTC=1763941919&EndUTC=1764805919&MinReadingSpacing=900&RequestedOutputFormat=raw
2025-12-04 00:03:55,907 - EnvironmentData - INFO - API call: https://cats.corismonitoring.com/api/sensor/historical/?ApiKey=XXXX&SensorID=28877&ReadingType=SensorReadingF&StartUTC=1763941919&EndUTC=1764805919&MinReadingSpacing=900&RequestedOutputFormat=raw
2025-12-04 00:03:57,771 - EnvironmentData - INFO - API call: https://cats.corismonitoring.com/api/sensor/historical/?ApiKey=XXXX&SensorID=28879&ReadingType=SensorReadingF&StartUTC=1763941919&EndUTC=1764805919&MinReadingSpacing=900&RequestedOutputFormat=raw
2025-12-04 00:03:59,574 - EnvironmentData - INFO - API call: https://cats.corismonitoring.com/api/sensor/historical/?ApiKey=XXXX&SensorID=28881&ReadingType=SensorReadingF&StartUTC=1763941919&EndUTC=1764805919&MinReadingSpacing=900&RequestedOutputFormat=raw
2025-12-04 00:04:01,382 - EnvironmentData - INFO - API call: https://cats.corismonitoring.com/api/sensor/historical/?ApiKey=XXXX&SensorID=28883&ReadingType=SensorReadingF&StartUTC=1763941919&EndUTC=1764805919&MinReadingSpacing=900&RequestedOutputFormat=raw
2025-12-04 00:04:03,206 - EnvironmentData - INFO - API call: https://cats.corismonitoring.com/api/sensor/historical/?ApiKey=XXXX&SensorID=28885&ReadingType=SensorReadingF&StartUTC=1763941919&EndUTC=1764805919&MinReadingSpacing=900&RequestedOutputFormat=raw
2025-12-04 00:04:04,980 - EnvironmentData - INFO - API call: https://cats.corismonitoring.com/api/sensor/historical/?ApiKey=XXXX&SensorID=28887&ReadingType=SensorReadingF&StartUTC=1763941919&EndUTC=1764805919&MinReadingSpacing=900&RequestedOutputFormat=raw
2025-12-04 00:04:06,772 - EnvironmentData - INFO - API call: https://cats.corismonitoring.com/api/sensor/historical/?ApiKey=XXXX&SensorID=29696&ReadingType=SensorReadingF&StartUTC=1763941919&EndUTC=1764805919&MinReadingSpacing=900&RequestedOutputFormat=raw
2025-12-04 00:04:08,592 - EnvironmentData - INFO - API call: https://cats.corismonitoring.com/api/sensor/historical/?ApiKey=XXXX&SensorID=29698&ReadingType=SensorReadingF&StartUTC=1763941919&EndUTC=1764805919&MinReadingSpacing=900&RequestedOutputFormat=raw
2025-12-04 00:04:10,419 - EnvironmentData - INFO - API call: https://cats.corismonitoring.com/api/sensor/historical/?ApiKey=XXXX&SensorID=29700&ReadingType=SensorReadingF&StartUTC=1763941919&EndUTC=1764805919&MinReadingSpacing=900&RequestedOutputFormat=raw
2025-12-04 00:04:12,148 - EnvironmentData - INFO - API call: https://cats.corismonitoring.com/api/sensor/historical/?ApiKey=XXXX&SensorID=29702&ReadingType=SensorReadingF&StartUTC=1763941919&EndUTC=1764805919&MinReadingSpacing=900&RequestedOutputFormat=raw
2025-12-04 00:04:13,891 - EnvironmentData - INFO - API call: https://cats.corismonitoring.com/api/sensor/historical/?ApiKey=XXXX&SensorID=29704&ReadingType=SensorReadingF&StartUTC=1763941919&EndUTC=1764805919&MinReadingSpacing=900&RequestedOutputFormat=raw
2025-12-04 00:04:15,722 - EnvironmentData - INFO - API call: https://cats.corismonitoring.com/api/sensor/historical/?ApiKey=XXXX&SensorID=29706&ReadingType=SensorReadingF&StartUTC=1763941919&EndUTC=1764805919&MinReadingSpacing=900&RequestedOutputFormat=raw
2025-12-04 00:04:17,571 - EnvironmentData - INFO - API call: https://cats.corismonitoring.com/api/sensor/historical/?ApiKey=XXXX&SensorID=29708&ReadingType=SensorReadingF&StartUTC=1763941919&EndUTC=1764805919&MinReadingSpacing=900&RequestedOutputFormat=raw
2025-12-04 00:04:19,455 - EnvironmentData - INFO - API call: https://cats.corismonitoring.com/api/sensor/historical/?ApiKey=XXXX&SensorID=29710&ReadingType=SensorReadingF&StartUTC=1763941919&EndUTC=1764805919&MinReadingSpacing=900&RequestedOutputFormat=raw
2025-12-04 00:04:21,339 - EnvironmentData - INFO - API call: https://cats.corismonitoring.com/api/sensor/historical/?ApiKey=XXXX&SensorID=29712&ReadingType=SensorReadingF&StartUTC=1763941919&EndUTC=1764805919&MinReadingSpacing=900&RequestedOutputFormat=raw
2025-12-04 00:04:23,443 - EnvironmentData - INFO - API call: https://cats.corismonitoring.com/api/sensor/historical/?ApiKey=XXXX&SensorID=29714&ReadingType=SensorReadingF&StartUTC=1763941919&EndUTC=1764805919&MinReadingSpacing=900&RequestedOutputFormat=raw
2025-12-04 00:04:25,234 - EnvironmentData - INFO - API call: https://cats.corismonitoring.com/api/sensor/historical/?ApiKey=XXXX&SensorID=30133&ReadingType=SensorReadingF&StartUTC=1763941919&EndUTC=1764805919&MinReadingSpacing=900&RequestedOutputFormat=raw
2025-12-04 00:04:27,025 - EnvironmentData - INFO - API call: https://cats.corismonitoring.com/api/sensor/historical/?ApiKey=XXXX&SensorID=30135&ReadingType=SensorReadingF&StartUTC=1763941919&EndUTC=1764805919&MinReadingSpacing=900&RequestedOutputFormat=raw
2025-12-04 00:04:28,803 - EnvironmentData - INFO - API call: https://cats.corismonitoring.com/api/sensor/historical/?ApiKey=XXXX&SensorID=30137&ReadingType=SensorReadingF&StartUTC=1763941919&EndUTC=1764805919&MinReadingSpacing=900&RequestedOutputFormat=raw
2025-12-04 00:04:30,632 - EnvironmentData - INFO - API call: https://cats.corismonitoring.com/api/sensor/historical/?ApiKey=XXXX&SensorID=30469&ReadingType=SensorReadingF&StartUTC=1763941919&EndUTC=1764805919&MinReadingSpacing=900&RequestedOutputFormat=raw
2025-12-04 00:04:32,371 - EnvironmentData - INFO - API call: https://cats.corismonitoring.com/api/sensor/historical/?ApiKey=XXXX&SensorID=21374&ReadingType=SensorReadingRh&StartUTC=1763941919&EndUTC=1764805919&MinReadingSpacing=900&RequestedOutputFormat=raw
2025-12-04 00:04:34,149 - EnvironmentData - INFO - API call: https://cats.corismonitoring.com/api/sensor/historical/?ApiKey=XXXX&SensorID=21376&ReadingType=SensorReadingRh&StartUTC=1763941919&EndUTC=1764805919&MinReadingSpacing=900&RequestedOutputFormat=raw
2025-12-04 00:04:35,969 - EnvironmentData - INFO - API call: https://cats.corismonitoring.com/api/sensor/historical/?ApiKey=XXXX&SensorID=21378&ReadingType=SensorReadingRh&StartUTC=1763941919&EndUTC=1764805919&MinReadingSpacing=900&RequestedOutputFormat=raw
2025-12-04 00:04:37,814 - EnvironmentData - INFO - API call: https://cats.corismonitoring.com/api/sensor/historical/?ApiKey=XXXX&SensorID=21380&ReadingType=SensorReadingRh&StartUTC=1763941919&EndUTC=1764805919&MinReadingSpacing=900&RequestedOutputFormat=raw
2025-12-04 00:04:39,608 - EnvironmentData - INFO - API call: https://cats.corismonitoring.com/api/sensor/historical/?ApiKey=XXXX&SensorID=21382&ReadingType=SensorReadingRh&StartUTC=1763941919&EndUTC=1764805919&MinReadingSpacing=900&RequestedOutputFormat=raw
2025-12-04 00:04:41,418 - EnvironmentData - INFO - API call: https://cats.corismonitoring.com/api/sensor/historical/?ApiKey=XXXX&SensorID=21388&ReadingType=SensorReadingRh&StartUTC=1763941919&EndUTC=1764805919&MinReadingSpacing=900&RequestedOutputFormat=raw
2025-12-04 00:04:43,211 - EnvironmentData - INFO - API call: https://cats.corismonitoring.com/api/sensor/historical/?ApiKey=XXXX&SensorID=22957&ReadingType=SensorReadingRh&StartUTC=1763941919&EndUTC=1764805919&MinReadingSpacing=900&RequestedOutputFormat=raw
2025-12-04 00:04:44,961 - EnvironmentData - INFO - API call: https://cats.corismonitoring.com/api/sensor/historical/?ApiKey=XXXX&SensorID=22959&ReadingType=SensorReadingRh&StartUTC=1763941919&EndUTC=1764805919&MinReadingSpacing=900&RequestedOutputFormat=raw
2025-12-04 00:04:46,774 - EnvironmentData - INFO - API call: https://cats.corismonitoring.com/api/sensor/historical/?ApiKey=XXXX&SensorID=22961&ReadingType=SensorReadingRh&StartUTC=1763941919&EndUTC=1764805919&MinReadingSpacing=900&RequestedOutputFormat=raw
2025-12-04 00:04:48,627 - EnvironmentData - INFO - API call: https://cats.corismonitoring.com/api/sensor/historical/?ApiKey=XXXX&SensorID=22965&ReadingType=SensorReadingRh&StartUTC=1763941919&EndUTC=1764805919&MinReadingSpacing=900&RequestedOutputFormat=raw
2025-12-04 00:04:50,463 - EnvironmentData - INFO - API call: https://cats.corismonitoring.com/api/sensor/historical/?ApiKey=XXXX&SensorID=23330&ReadingType=SensorReadingRh&StartUTC=1763941919&EndUTC=1764805919&MinReadingSpacing=900&RequestedOutputFormat=raw
2025-12-04 00:04:53,057 - EnvironmentData - INFO - API call: https://cats.corismonitoring.com/api/sensor/historical/?ApiKey=XXXX&SensorID=23332&ReadingType=SensorReadingRh&StartUTC=1763941919&EndUTC=1764805919&MinReadingSpacing=900&RequestedOutputFormat=raw
2025-12-04 00:04:55,110 - EnvironmentData - INFO - API call: https://cats.corismonitoring.com/api/sensor/historical/?ApiKey=XXXX&SensorID=23369&ReadingType=SensorReadingRh&StartUTC=1763941919&EndUTC=1764805919&MinReadingSpacing=900&RequestedOutputFormat=raw
2025-12-04 00:04:57,220 - EnvironmentData - INFO - API call: https://cats.corismonitoring.com/api/sensor/historical/?ApiKey=XXXX&SensorID=23371&ReadingType=SensorReadingRh&StartUTC=1763941919&EndUTC=1764805919&MinReadingSpacing=900&RequestedOutputFormat=raw
2025-12-04 00:04:59,206 - EnvironmentData - INFO - API call: https://cats.corismonitoring.com/api/sensor/historical/?ApiKey=XXXX&SensorID=23373&ReadingType=SensorReadingRh&StartUTC=1763941919&EndUTC=1764805919&MinReadingSpacing=900&RequestedOutputFormat=raw
2025-12-04 00:05:01,043 - EnvironmentData - INFO - API call: https://cats.corismonitoring.com/api/sensor/historical/?ApiKey=XXXX&SensorID=23375&ReadingType=SensorReadingRh&StartUTC=1763941919&EndUTC=1764805919&MinReadingSpacing=900&RequestedOutputFormat=raw
2025-12-04 00:05:02,983 - EnvironmentData - INFO - API call: https://cats.corismonitoring.com/api/sensor/historical/?ApiKey=XXXX&SensorID=23377&ReadingType=SensorReadingRh&StartUTC=1763941919&EndUTC=1764805919&MinReadingSpacing=900&RequestedOutputFormat=raw
2025-12-04 00:05:04,942 - EnvironmentData - INFO - API call: https://cats.corismonitoring.com/api/sensor/historical/?ApiKey=XXXX&SensorID=23379&ReadingType=SensorReadingRh&StartUTC=1763941919&EndUTC=1764805919&MinReadingSpacing=900&RequestedOutputFormat=raw
2025-12-04 00:05:06,880 - EnvironmentData - INFO - API call: https://cats.corismonitoring.com/api/sensor/historical/?ApiKey=XXXX&SensorID=23381&ReadingType=SensorReadingRh&StartUTC=1763941919&EndUTC=1764805919&MinReadingSpacing=900&RequestedOutputFormat=raw
2025-12-04 00:05:08,789 - EnvironmentData - INFO - API call: https://cats.corismonitoring.com/api/sensor/historical/?ApiKey=XXXX&SensorID=23383&ReadingType=SensorReadingRh&StartUTC=1763941919&EndUTC=1764805919&MinReadingSpacing=900&RequestedOutputFormat=raw
2025-12-04 00:05:10,619 - EnvironmentData - INFO - API call: https://cats.corismonitoring.com/api/sensor/historical/?ApiKey=XXXX&SensorID=23385&ReadingType=SensorReadingRh&StartUTC=1763941919&EndUTC=1764805919&MinReadingSpacing=900&RequestedOutputFormat=raw
2025-12-04 00:05:12,433 - EnvironmentData - INFO - API call: https://cats.corismonitoring.com/api/sensor/historical/?ApiKey=XXXX&SensorID=23387&ReadingType=SensorReadingRh&StartUTC=1763941919&EndUTC=1764805919&MinReadingSpacing=900&RequestedOutputFormat=raw
2025-12-04 00:05:14,551 - EnvironmentData - INFO - API call: https://cats.corismonitoring.com/api/sensor/historical/?ApiKey=XXXX&SensorID=23389&ReadingType=SensorReadingRh&StartUTC=1763941919&EndUTC=1764805919&MinReadingSpacing=900&RequestedOutputFormat=raw
2025-12-04 00:05:16,401 - EnvironmentData - INFO - API call: https://cats.corismonitoring.com/api/sensor/historical/?ApiKey=XXXX&SensorID=23391&ReadingType=SensorReadingRh&StartUTC=1763941919&EndUTC=1764805919&MinReadingSpacing=900&RequestedOutputFormat=raw
2025-12-04 00:05:18,246 - EnvironmentData - INFO - API call: https://cats.corismonitoring.com/api/sensor/historical/?ApiKey=XXXX&SensorID=23393&ReadingType=SensorReadingRh&StartUTC=1763941919&EndUTC=1764805919&MinReadingSpacing=900&RequestedOutputFormat=raw
2025-12-04 00:05:20,082 - EnvironmentData - INFO - API call: https://cats.corismonitoring.com/api/sensor/historical/?ApiKey=XXXX&SensorID=23395&ReadingType=SensorReadingRh&StartUTC=1763941919&EndUTC=1764805919&MinReadingSpacing=900&RequestedOutputFormat=raw
2025-12-04 00:05:22,033 - EnvironmentData - INFO - API call: https://cats.corismonitoring.com/api/sensor/historical/?ApiKey=XXXX&SensorID=23397&ReadingType=SensorReadingRh&StartUTC=1763941919&EndUTC=1764805919&MinReadingSpacing=900&RequestedOutputFormat=raw
2025-12-04 00:05:23,843 - EnvironmentData - INFO - API call: https://cats.corismonitoring.com/api/sensor/historical/?ApiKey=XXXX&SensorID=23399&ReadingType=SensorReadingRh&StartUTC=1763941919&EndUTC=1764805919&MinReadingSpacing=900&RequestedOutputFormat=raw
2025-12-04 00:05:25,617 - EnvironmentData - INFO - API call: https://cats.corismonitoring.com/api/sensor/historical/?ApiKey=XXXX&SensorID=23401&ReadingType=SensorReadingRh&StartUTC=1763941919&EndUTC=1764805919&MinReadingSpacing=900&RequestedOutputFormat=raw
2025-12-04 00:05:27,484 - EnvironmentData - INFO - API call: https://cats.corismonitoring.com/api/sensor/historical/?ApiKey=XXXX&SensorID=23403&ReadingType=SensorReadingRh&StartUTC=1763941919&EndUTC=1764805919&MinReadingSpacing=900&RequestedOutputFormat=raw
2025-12-04 00:05:29,324 - EnvironmentData - INFO - API call: https://cats.corismonitoring.com/api/sensor/historical/?ApiKey=XXXX&SensorID=25955&ReadingType=SensorReadingRh&StartUTC=1763941919&EndUTC=1764805919&MinReadingSpacing=900&RequestedOutputFormat=raw
2025-12-04 00:05:31,163 - EnvironmentData - INFO - API call: https://cats.corismonitoring.com/api/sensor/historical/?ApiKey=XXXX&SensorID=25959&ReadingType=SensorReadingRh&StartUTC=1763941919&EndUTC=1764805919&MinReadingSpacing=900&RequestedOutputFormat=raw
2025-12-04 00:05:33,022 - EnvironmentData - INFO - API call: https://cats.corismonitoring.com/api/sensor/historical/?ApiKey=XXXX&SensorID=25961&ReadingType=SensorReadingRh&StartUTC=1763941919&EndUTC=1764805919&MinReadingSpacing=900&RequestedOutputFormat=raw
2025-12-04 00:05:34,990 - EnvironmentData - INFO - API call: https://cats.corismonitoring.com/api/sensor/historical/?ApiKey=XXXX&SensorID=25963&ReadingType=SensorReadingRh&StartUTC=1763941919&EndUTC=1764805919&MinReadingSpacing=900&RequestedOutputFormat=raw
2025-12-04 00:05:36,784 - EnvironmentData - INFO - API call: https://cats.corismonitoring.com/api/sensor/historical/?ApiKey=XXXX&SensorID=25967&ReadingType=SensorReadingRh&StartUTC=1763941919&EndUTC=1764805919&MinReadingSpacing=900&RequestedOutputFormat=raw
2025-12-04 00:05:38,945 - EnvironmentData - INFO - API call: https://cats.corismonitoring.com/api/sensor/historical/?ApiKey=XXXX&SensorID=25969&ReadingType=SensorReadingRh&StartUTC=1763941919&EndUTC=1764805919&MinReadingSpacing=900&RequestedOutputFormat=raw
2025-12-04 00:05:40,773 - EnvironmentData - INFO - API call: https://cats.corismonitoring.com/api/sensor/historical/?ApiKey=XXXX&SensorID=25973&ReadingType=SensorReadingRh&StartUTC=1763941919&EndUTC=1764805919&MinReadingSpacing=900&RequestedOutputFormat=raw
2025-12-04 00:05:42,551 - EnvironmentData - INFO - API call: https://cats.corismonitoring.com/api/sensor/historical/?ApiKey=XXXX&SensorID=25977&ReadingType=SensorReadingRh&StartUTC=1763941919&EndUTC=1764805919&MinReadingSpacing=900&RequestedOutputFormat=raw
2025-12-04 00:05:44,426 - EnvironmentData - INFO - API call: https://cats.corismonitoring.com/api/sensor/historical/?ApiKey=XXXX&SensorID=25985&ReadingType=SensorReadingRh&StartUTC=1763941919&EndUTC=1764805919&MinReadingSpacing=900&RequestedOutputFormat=raw
2025-12-04 00:05:46,204 - EnvironmentData - INFO - API call: https://cats.corismonitoring.com/api/sensor/historical/?ApiKey=XXXX&SensorID=25993&ReadingType=SensorReadingRh&StartUTC=1763941919&EndUTC=1764805919&MinReadingSpacing=900&RequestedOutputFormat=raw
2025-12-04 00:05:48,003 - EnvironmentData - INFO - API call: https://cats.corismonitoring.com/api/sensor/historical/?ApiKey=XXXX&SensorID=26832&ReadingType=SensorReadingRh&StartUTC=1763941919&EndUTC=1764805919&MinReadingSpacing=900&RequestedOutputFormat=raw
2025-12-04 00:05:49,838 - EnvironmentData - INFO - API call: https://cats.corismonitoring.com/api/sensor/historical/?ApiKey=XXXX&SensorID=26836&ReadingType=SensorReadingRh&StartUTC=1763941919&EndUTC=1764805919&MinReadingSpacing=900&RequestedOutputFormat=raw
2025-12-04 00:05:51,688 - EnvironmentData - INFO - API call: https://cats.corismonitoring.com/api/sensor/historical/?ApiKey=XXXX&SensorID=26838&ReadingType=SensorReadingRh&StartUTC=1763941919&EndUTC=1764805919&MinReadingSpacing=900&RequestedOutputFormat=raw
2025-12-04 00:05:53,488 - EnvironmentData - INFO - API call: https://cats.corismonitoring.com/api/sensor/historical/?ApiKey=XXXX&SensorID=26840&ReadingType=SensorReadingRh&StartUTC=1763941919&EndUTC=1764805919&MinReadingSpacing=900&RequestedOutputFormat=raw
2025-12-04 00:05:55,274 - EnvironmentData - INFO - API call: https://cats.corismonitoring.com/api/sensor/historical/?ApiKey=XXXX&SensorID=26845&ReadingType=SensorReadingRh&StartUTC=1763941919&EndUTC=1764805919&MinReadingSpacing=900&RequestedOutputFormat=raw
2025-12-04 00:05:57,037 - EnvironmentData - INFO - API call: https://cats.corismonitoring.com/api/sensor/historical/?ApiKey=XXXX&SensorID=28876&ReadingType=SensorReadingRh&StartUTC=1763941919&EndUTC=1764805919&MinReadingSpacing=900&RequestedOutputFormat=raw
2025-12-04 00:05:58,783 - EnvironmentData - INFO - API call: https://cats.corismonitoring.com/api/sensor/historical/?ApiKey=XXXX&SensorID=28878&ReadingType=SensorReadingRh&StartUTC=1763941919&EndUTC=1764805919&MinReadingSpacing=900&RequestedOutputFormat=raw
2025-12-04 00:06:00,549 - EnvironmentData - INFO - API call: https://cats.corismonitoring.com/api/sensor/historical/?ApiKey=XXXX&SensorID=28880&ReadingType=SensorReadingRh&StartUTC=1763941919&EndUTC=1764805919&MinReadingSpacing=900&RequestedOutputFormat=raw
2025-12-04 00:06:02,322 - EnvironmentData - INFO - API call: https://cats.corismonitoring.com/api/sensor/historical/?ApiKey=XXXX&SensorID=28882&ReadingType=SensorReadingRh&StartUTC=1763941919&EndUTC=1764805919&MinReadingSpacing=900&RequestedOutputFormat=raw
2025-12-04 00:06:04,033 - EnvironmentData - INFO - API call: https://cats.corismonitoring.com/api/sensor/historical/?ApiKey=XXXX&SensorID=28884&ReadingType=SensorReadingRh&StartUTC=1763941919&EndUTC=1764805919&MinReadingSpacing=900&RequestedOutputFormat=raw
2025-12-04 00:06:05,769 - EnvironmentData - INFO - API call: https://cats.corismonitoring.com/api/sensor/historical/?ApiKey=XXXX&SensorID=28886&ReadingType=SensorReadingRh&StartUTC=1763941919&EndUTC=1764805919&MinReadingSpacing=900&RequestedOutputFormat=raw
2025-12-04 00:06:07,585 - EnvironmentData - INFO - API call: https://cats.corismonitoring.com/api/sensor/historical/?ApiKey=XXXX&SensorID=28888&ReadingType=SensorReadingRh&StartUTC=1763941919&EndUTC=1764805919&MinReadingSpacing=900&RequestedOutputFormat=raw
2025-12-04 00:06:09,311 - EnvironmentData - INFO - API call: https://cats.corismonitoring.com/api/sensor/historical/?ApiKey=XXXX&SensorID=28955&ReadingType=SensorReadingRh&StartUTC=1763941919&EndUTC=1764805919&MinReadingSpacing=900&RequestedOutputFormat=raw
2025-12-04 00:06:11,052 - EnvironmentData - INFO - API call: https://cats.corismonitoring.com/api/sensor/historical/?ApiKey=XXXX&SensorID=28957&ReadingType=SensorReadingRh&StartUTC=1763941919&EndUTC=1764805919&MinReadingSpacing=900&RequestedOutputFormat=raw
2025-12-04 00:06:13,137 - EnvironmentData - INFO - API call: https://cats.corismonitoring.com/api/sensor/historical/?ApiKey=XXXX&SensorID=28963&ReadingType=SensorReadingRh&StartUTC=1763941919&EndUTC=1764805919&MinReadingSpacing=900&RequestedOutputFormat=raw
2025-12-04 00:06:14,903 - EnvironmentData - INFO - API call: https://cats.corismonitoring.com/api/sensor/historical/?ApiKey=XXXX&SensorID=29697&ReadingType=SensorReadingRh&StartUTC=1763941919&EndUTC=1764805919&MinReadingSpacing=900&RequestedOutputFormat=raw
2025-12-04 00:06:16,608 - EnvironmentData - INFO - API call: https://cats.corismonitoring.com/api/sensor/historical/?ApiKey=XXXX&SensorID=29699&ReadingType=SensorReadingRh&StartUTC=1763941919&EndUTC=1764805919&MinReadingSpacing=900&RequestedOutputFormat=raw
2025-12-04 00:06:18,364 - EnvironmentData - INFO - API call: https://cats.corismonitoring.com/api/sensor/historical/?ApiKey=XXXX&SensorID=29701&ReadingType=SensorReadingRh&StartUTC=1763941919&EndUTC=1764805919&MinReadingSpacing=900&RequestedOutputFormat=raw
2025-12-04 00:06:20,158 - EnvironmentData - INFO - API call: https://cats.corismonitoring.com/api/sensor/historical/?ApiKey=XXXX&SensorID=29703&ReadingType=SensorReadingRh&StartUTC=1763941919&EndUTC=1764805919&MinReadingSpacing=900&RequestedOutputFormat=raw
2025-12-04 00:06:22,154 - EnvironmentData - INFO - API call: https://cats.corismonitoring.com/api/sensor/historical/?ApiKey=XXXX&SensorID=29705&ReadingType=SensorReadingRh&StartUTC=1763941919&EndUTC=1764805919&MinReadingSpacing=900&RequestedOutputFormat=raw
2025-12-04 00:06:23,995 - EnvironmentData - INFO - API call: https://cats.corismonitoring.com/api/sensor/historical/?ApiKey=XXXX&SensorID=29707&ReadingType=SensorReadingRh&StartUTC=1763941919&EndUTC=1764805919&MinReadingSpacing=900&RequestedOutputFormat=raw
2025-12-04 00:06:25,739 - EnvironmentData - INFO - API call: https://cats.corismonitoring.com/api/sensor/historical/?ApiKey=XXXX&SensorID=29709&ReadingType=SensorReadingRh&StartUTC=1763941919&EndUTC=1764805919&MinReadingSpacing=900&RequestedOutputFormat=raw
2025-12-04 00:06:27,479 - EnvironmentData - INFO - API call: https://cats.corismonitoring.com/api/sensor/historical/?ApiKey=XXXX&SensorID=29711&ReadingType=SensorReadingRh&StartUTC=1763941919&EndUTC=1764805919&MinReadingSpacing=900&RequestedOutputFormat=raw
2025-12-04 00:06:29,232 - EnvironmentData - INFO - API call: https://cats.corismonitoring.com/api/sensor/historical/?ApiKey=XXXX&SensorID=29713&ReadingType=SensorReadingRh&StartUTC=1763941919&EndUTC=1764805919&MinReadingSpacing=900&RequestedOutputFormat=raw
2025-12-04 00:06:30,978 - EnvironmentData - INFO - API call: https://cats.corismonitoring.com/api/sensor/historical/?ApiKey=XXXX&SensorID=29715&ReadingType=SensorReadingRh&StartUTC=1763941919&EndUTC=1764805919&MinReadingSpacing=900&RequestedOutputFormat=raw
2025-12-04 00:06:32,765 - EnvironmentData - INFO - API call: https://cats.corismonitoring.com/api/sensor/historical/?ApiKey=XXXX&SensorID=30134&ReadingType=SensorReadingRh&StartUTC=1763941919&EndUTC=1764805919&MinReadingSpacing=900&RequestedOutputFormat=raw
2025-12-04 00:06:34,514 - EnvironmentData - INFO - API call: https://cats.corismonitoring.com/api/sensor/historical/?ApiKey=XXXX&SensorID=30136&ReadingType=SensorReadingRh&StartUTC=1763941919&EndUTC=1764805919&MinReadingSpacing=900&RequestedOutputFormat=raw
2025-12-04 00:06:36,302 - EnvironmentData - INFO - API call: https://cats.corismonitoring.com/api/sensor/historical/?ApiKey=XXXX&SensorID=30138&ReadingType=SensorReadingRh&StartUTC=1763941919&EndUTC=1764805919&MinReadingSpacing=900&RequestedOutputFormat=raw
2025-12-04 00:06:38,097 - EnvironmentData - INFO - initialize_database_coris validation passed: no duplicated SensorReadingUTC per SensorID.
2025-12-04 00:06:38,098 - EnvironmentData - INFO - initialize_database_coris validation passed: one SensorName per SensorID.
2025-12-04 00:06:38,099 - EnvironmentData - INFO - initialize_database_coris validation passed: no duplicated SensorReadingUTC per SensorID.
2025-12-04 00:06:38,100 - EnvironmentData - INFO - initialize_database_coris validation passed: one SensorName per SensorID.
2025-12-04 00:06:38,101 - EnvironmentData - INFO - initialize_database_coris validation passed: no duplicated SensorReadingUTC per SensorID.
2025-12-04 00:06:38,101 - EnvironmentData - INFO - initialize_database_coris validation passed: one SensorName per SensorID.
2025-12-04 00:06:38,103 - EnvironmentData - INFO - initialize_database_coris validation passed: no duplicated SensorReadingUTC per SensorID.
2025-12-04 00:06:38,103 - EnvironmentData - INFO - initialize_database_coris validation passed: one SensorName per SensorID.
2025-12-04 00:06:38,105 - EnvironmentData - INFO - initialize_database_coris validation passed: no duplicated SensorReadingUTC per SensorID.
2025-12-04 00:06:38,105 - EnvironmentData - INFO - initialize_database_coris validation passed: one SensorName per SensorID.
2025-12-04 00:06:38,106 - EnvironmentData - INFO - initialize_database_coris validation passed: no duplicated SensorReadingUTC per SensorID.
2025-12-04 00:06:38,107 - EnvironmentData - INFO - initialize_database_coris validation passed: one SensorName per SensorID.
2025-12-04 00:06:38,108 - EnvironmentData - INFO - initialize_database_coris validation passed: no duplicated SensorReadingUTC per SensorID.
2025-12-04 00:06:38,109 - EnvironmentData - INFO - initialize_database_coris validation passed: one SensorName per SensorID.
2025-12-04 00:06:38,110 - EnvironmentData - INFO - initialize_database_coris validation passed: no duplicated SensorReadingUTC per SensorID.
2025-12-04 00:06:38,110 - EnvironmentData - INFO - initialize_database_coris validation passed: one SensorName per SensorID.
2025-12-04 00:06:38,112 - EnvironmentData - INFO - initialize_database_coris validation passed: no duplicated SensorReadingUTC per SensorID.
2025-12-04 00:06:38,112 - EnvironmentData - INFO - initialize_database_coris validation passed: one SensorName per SensorID.
2025-12-04 00:06:38,113 - EnvironmentData - INFO - initialize_database_coris validation passed: no duplicated SensorReadingUTC per SensorID.
2025-12-04 00:06:38,114 - EnvironmentData - INFO - initialize_database_coris validation passed: one SensorName per SensorID.
2025-12-04 00:06:38,115 - EnvironmentData - INFO - initialize_database_coris validation passed: no duplicated SensorReadingUTC per SensorID.
2025-12-04 00:06:38,116 - EnvironmentData - INFO - initialize_database_coris validation passed: one SensorName per SensorID.
2025-12-04 00:06:38,117 - EnvironmentData - INFO - initialize_database_coris validation passed: no duplicated SensorReadingUTC per SensorID.
2025-12-04 00:06:38,118 - EnvironmentData - INFO - initialize_database_coris validation passed: one SensorName per SensorID.
2025-12-04 00:06:38,119 - EnvironmentData - INFO - initialize_database_coris validation passed: no duplicated SensorReadingUTC per SensorID.
2025-12-04 00:06:38,119 - EnvironmentData - INFO - initialize_database_coris validation passed: one SensorName per SensorID.
2025-12-04 00:06:38,121 - EnvironmentData - INFO - initialize_database_coris validation passed: no duplicated SensorReadingUTC per SensorID.
2025-12-04 00:06:38,121 - EnvironmentData - INFO - initialize_database_coris validation passed: one SensorName per SensorID.
2025-12-04 00:06:38,122 - EnvironmentData - INFO - initialize_database_coris validation passed: no duplicated SensorReadingUTC per SensorID.
2025-12-04 00:06:38,123 - EnvironmentData - INFO - initialize_database_coris validation passed: one SensorName per SensorID.
2025-12-04 00:06:38,124 - EnvironmentData - INFO - initialize_database_coris validation passed: no duplicated SensorReadingUTC per SensorID.
2025-12-04 00:06:38,125 - EnvironmentData - INFO - initialize_database_coris validation passed: one SensorName per SensorID.
2025-12-04 00:06:38,126 - EnvironmentData - INFO - initialize_database_coris validation passed: no duplicated SensorReadingUTC per SensorID.
2025-12-04 00:06:38,126 - EnvironmentData - INFO - initialize_database_coris validation passed: one SensorName per SensorID.
2025-12-04 00:06:38,128 - EnvironmentData - INFO - initialize_database_coris validation passed: no duplicated SensorReadingUTC per SensorID.
2025-12-04 00:06:38,128 - EnvironmentData - INFO - initialize_database_coris validation passed: one SensorName per SensorID.
2025-12-04 00:06:38,130 - EnvironmentData - INFO - initialize_database_coris validation passed: no duplicated SensorReadingUTC per SensorID.
2025-12-04 00:06:38,130 - EnvironmentData - INFO - initialize_database_coris validation passed: one SensorName per SensorID.
2025-12-04 00:06:38,131 - EnvironmentData - INFO - initialize_database_coris validation passed: no duplicated SensorReadingUTC per SensorID.
2025-12-04 00:06:38,132 - EnvironmentData - INFO - initialize_database_coris validation passed: one SensorName per SensorID.
2025-12-04 00:06:38,133 - EnvironmentData - INFO - initialize_database_coris validation passed: no duplicated SensorReadingUTC per SensorID.
2025-12-04 00:06:38,134 - EnvironmentData - INFO - initialize_database_coris validation passed: one SensorName per SensorID.
2025-12-04 00:06:38,135 - EnvironmentData - INFO - initialize_database_coris validation passed: no duplicated SensorReadingUTC per SensorID.
2025-12-04 00:06:38,135 - EnvironmentData - INFO - initialize_database_coris validation passed: one SensorName per SensorID.
2025-12-04 00:06:38,137 - EnvironmentData - INFO - initialize_database_coris validation passed: no duplicated SensorReadingUTC per SensorID.
2025-12-04 00:06:38,137 - EnvironmentData - INFO - initialize_database_coris validation passed: one SensorName per SensorID.
2025-12-04 00:06:38,139 - EnvironmentData - INFO - initialize_database_coris validation passed: no duplicated SensorReadingUTC per SensorID.
2025-12-04 00:06:38,139 - EnvironmentData - INFO - initialize_database_coris validation passed: one SensorName per SensorID.
2025-12-04 00:06:38,140 - EnvironmentData - INFO - initialize_database_coris validation passed: no duplicated SensorReadingUTC per SensorID.
2025-12-04 00:06:38,141 - EnvironmentData - INFO - initialize_database_coris validation passed: one SensorName per SensorID.
2025-12-04 00:06:38,142 - EnvironmentData - INFO - initialize_database_coris validation passed: no duplicated SensorReadingUTC per SensorID.
2025-12-04 00:06:38,143 - EnvironmentData - INFO - initialize_database_coris validation passed: one SensorName per SensorID.
2025-12-04 00:06:38,144 - EnvironmentData - INFO - initialize_database_coris validation passed: no duplicated SensorReadingUTC per SensorID.
2025-12-04 00:06:38,144 - EnvironmentData - INFO - initialize_database_coris validation passed: one SensorName per SensorID.
2025-12-04 00:06:38,146 - EnvironmentData - INFO - initialize_database_coris validation passed: no duplicated SensorReadingUTC per SensorID.
2025-12-04 00:06:38,146 - EnvironmentData - INFO - initialize_database_coris validation passed: one SensorName per SensorID.
2025-12-04 00:06:38,147 - EnvironmentData - INFO - initialize_database_coris validation passed: no duplicated SensorReadingUTC per SensorID.
2025-12-04 00:06:38,148 - EnvironmentData - INFO - initialize_database_coris validation passed: one SensorName per SensorID.
2025-12-04 00:06:38,149 - EnvironmentData - INFO - initialize_database_coris validation passed: no duplicated SensorReadingUTC per SensorID.
2025-12-04 00:06:38,150 - EnvironmentData - INFO - initialize_database_coris validation passed: one SensorName per SensorID.
2025-12-04 00:06:38,151 - EnvironmentData - INFO - initialize_database_coris validation passed: no duplicated SensorReadingUTC per SensorID.
2025-12-04 00:06:38,151 - EnvironmentData - INFO - initialize_database_coris validation passed: one SensorName per SensorID.
2025-12-04 00:06:38,153 - EnvironmentData - INFO - initialize_database_coris validation passed: no duplicated SensorReadingUTC per SensorID.
2025-12-04 00:06:38,153 - EnvironmentData - INFO - initialize_database_coris validation passed: one SensorName per SensorID.
2025-12-04 00:06:38,154 - EnvironmentData - INFO - initialize_database_coris validation passed: no duplicated SensorReadingUTC per SensorID.
2025-12-04 00:06:38,155 - EnvironmentData - INFO - initialize_database_coris validation passed: one SensorName per SensorID.
2025-12-04 00:06:38,156 - EnvironmentData - INFO - initialize_database_coris validation passed: no duplicated SensorReadingUTC per SensorID.
2025-12-04 00:06:38,156 - EnvironmentData - INFO - initialize_database_coris validation passed: one SensorName per SensorID.
2025-12-04 00:06:38,158 - EnvironmentData - INFO - initialize_database_coris validation passed: no duplicated SensorReadingUTC per SensorID.
2025-12-04 00:06:38,158 - EnvironmentData - INFO - initialize_database_coris validation passed: one SensorName per SensorID.
2025-12-04 00:06:38,159 - EnvironmentData - INFO - initialize_database_coris validation passed: no duplicated SensorReadingUTC per SensorID.
2025-12-04 00:06:38,160 - EnvironmentData - INFO - initialize_database_coris validation passed: one SensorName per SensorID.
2025-12-04 00:06:38,161 - EnvironmentData - INFO - initialize_database_coris validation passed: no duplicated SensorReadingUTC per SensorID.
2025-12-04 00:06:38,161 - EnvironmentData - INFO - initialize_database_coris validation passed: one SensorName per SensorID.
2025-12-04 00:06:38,163 - EnvironmentData - INFO - initialize_database_coris validation passed: no duplicated SensorReadingUTC per SensorID.
2025-12-04 00:06:38,163 - EnvironmentData - INFO - initialize_database_coris validation passed: one SensorName per SensorID.
2025-12-04 00:06:38,164 - EnvironmentData - INFO - initialize_database_coris validation passed: no duplicated SensorReadingUTC per SensorID.
2025-12-04 00:06:38,165 - EnvironmentData - INFO - initialize_database_coris validation passed: one SensorName per SensorID.
2025-12-04 00:06:38,166 - EnvironmentData - INFO - initialize_database_coris validation passed: no duplicated SensorReadingUTC per SensorID.
2025-12-04 00:06:38,166 - EnvironmentData - INFO - initialize_database_coris validation passed: one SensorName per SensorID.
2025-12-04 00:06:38,168 - EnvironmentData - INFO - initialize_database_coris validation passed: no duplicated SensorReadingUTC per SensorID.
2025-12-04 00:06:38,168 - EnvironmentData - INFO - initialize_database_coris validation passed: one SensorName per SensorID.
2025-12-04 00:06:38,169 - EnvironmentData - INFO - initialize_database_coris validation passed: no duplicated SensorReadingUTC per SensorID.
2025-12-04 00:06:38,170 - EnvironmentData - INFO - initialize_database_coris validation passed: one SensorName per SensorID.
2025-12-04 00:06:38,171 - EnvironmentData - INFO - initialize_database_coris validation passed: no duplicated SensorReadingUTC per SensorID.
2025-12-04 00:06:38,171 - EnvironmentData - INFO - initialize_database_coris validation passed: one SensorName per SensorID.
2025-12-04 00:06:38,173 - EnvironmentData - INFO - initialize_database_coris validation passed: no duplicated SensorReadingUTC per SensorID.
2025-12-04 00:06:38,173 - EnvironmentData - INFO - initialize_database_coris validation passed: one SensorName per SensorID.
2025-12-04 00:06:38,174 - EnvironmentData - INFO - initialize_database_coris validation passed: no duplicated SensorReadingUTC per SensorID.
2025-12-04 00:06:38,175 - EnvironmentData - INFO - initialize_database_coris validation passed: one SensorName per SensorID.
2025-12-04 00:06:38,176 - EnvironmentData - INFO - initialize_database_coris validation passed: no duplicated SensorReadingUTC per SensorID.
2025-12-04 00:06:38,176 - EnvironmentData - INFO - initialize_database_coris validation passed: one SensorName per SensorID.
2025-12-04 00:06:38,178 - EnvironmentData - INFO - initialize_database_coris validation passed: no duplicated SensorReadingUTC per SensorID.
2025-12-04 00:06:38,178 - EnvironmentData - INFO - initialize_database_coris validation passed: one SensorName per SensorID.
2025-12-04 00:06:38,179 - EnvironmentData - INFO - initialize_database_coris validation passed: no duplicated SensorReadingUTC per SensorID.
2025-12-04 00:06:38,180 - EnvironmentData - INFO - initialize_database_coris validation passed: one SensorName per SensorID.
2025-12-04 00:06:38,181 - EnvironmentData - INFO - initialize_database_coris validation passed: no duplicated SensorReadingUTC per SensorID.
2025-12-04 00:06:38,181 - EnvironmentData - INFO - initialize_database_coris validation passed: one SensorName per SensorID.
2025-12-04 00:06:38,183 - EnvironmentData - INFO - initialize_database_coris validation passed: no duplicated SensorReadingUTC per SensorID.
2025-12-04 00:06:38,183 - EnvironmentData - INFO - initialize_database_coris validation passed: one SensorName per SensorID.
2025-12-04 00:06:38,184 - EnvironmentData - INFO - initialize_database_coris validation passed: no duplicated SensorReadingUTC per SensorID.
2025-12-04 00:06:38,185 - EnvironmentData - INFO - initialize_database_coris validation passed: one SensorName per SensorID.
2025-12-04 00:06:38,186 - EnvironmentData - INFO - initialize_database_coris validation passed: no duplicated SensorReadingUTC per SensorID.
2025-12-04 00:06:38,186 - EnvironmentData - INFO - initialize_database_coris validation passed: one SensorName per SensorID.
2025-12-04 00:06:38,188 - EnvironmentData - INFO - initialize_database_coris validation passed: no duplicated SensorReadingUTC per SensorID.
2025-12-04 00:06:38,188 - EnvironmentData - INFO - initialize_database_coris validation passed: one SensorName per SensorID.
2025-12-04 00:06:38,189 - EnvironmentData - INFO - initialize_database_coris validation passed: no duplicated SensorReadingUTC per SensorID.
2025-12-04 00:06:38,190 - EnvironmentData - INFO - initialize_database_coris validation passed: one SensorName per SensorID.
2025-12-04 00:06:38,191 - EnvironmentData - INFO - initialize_database_coris validation passed: no duplicated SensorReadingUTC per SensorID.
2025-12-04 00:06:38,191 - EnvironmentData - INFO - initialize_database_coris validation passed: one SensorName per SensorID.
2025-12-04 00:06:38,193 - EnvironmentData - INFO - initialize_database_coris validation passed: no duplicated SensorReadingUTC per SensorID.
2025-12-04 00:06:38,193 - EnvironmentData - INFO - initialize_database_coris validation passed: one SensorName per SensorID.
2025-12-04 00:06:38,194 - EnvironmentData - INFO - initialize_database_coris validation passed: no duplicated SensorReadingUTC per SensorID.
2025-12-04 00:06:38,195 - EnvironmentData - INFO - initialize_database_coris validation passed: one SensorName per SensorID.
2025-12-04 00:06:38,196 - EnvironmentData - INFO - initialize_database_coris validation passed: no duplicated SensorReadingUTC per SensorID.
2025-12-04 00:06:38,196 - EnvironmentData - INFO - initialize_database_coris validation passed: one SensorName per SensorID.
2025-12-04 00:06:38,198 - EnvironmentData - INFO - initialize_database_coris validation passed: no duplicated SensorReadingUTC per SensorID.
2025-12-04 00:06:38,198 - EnvironmentData - INFO - initialize_database_coris validation passed: one SensorName per SensorID.
2025-12-04 00:06:38,199 - EnvironmentData - INFO - initialize_database_coris validation passed: no duplicated SensorReadingUTC per SensorID.
2025-12-04 00:06:38,200 - EnvironmentData - INFO - initialize_database_coris validation passed: one SensorName per SensorID.
2025-12-04 00:06:38,201 - EnvironmentData - INFO - initialize_database_coris validation passed: no duplicated SensorReadingUTC per SensorID.
2025-12-04 00:06:38,202 - EnvironmentData - INFO - initialize_database_coris validation passed: one SensorName per SensorID.
2025-12-04 00:06:38,203 - EnvironmentData - INFO - initialize_database_coris validation passed: no duplicated SensorReadingUTC per SensorID.
2025-12-04 00:06:38,203 - EnvironmentData - INFO - initialize_database_coris validation passed: one SensorName per SensorID.
2025-12-04 00:06:38,204 - EnvironmentData - INFO - initialize_database_coris validation passed: no duplicated SensorReadingUTC per SensorID.
2025-12-04 00:06:38,205 - EnvironmentData - INFO - initialize_database_coris validation passed: one SensorName per SensorID.
2025-12-04 00:06:38,206 - EnvironmentData - INFO - initialize_database_coris validation passed: no duplicated SensorReadingUTC per SensorID.
2025-12-04 00:06:38,207 - EnvironmentData - INFO - initialize_database_coris validation passed: one SensorName per SensorID.
2025-12-04 00:06:38,208 - EnvironmentData - INFO - initialize_database_coris validation passed: no duplicated SensorReadingUTC per SensorID.
2025-12-04 00:06:38,208 - EnvironmentData - INFO - initialize_database_coris validation passed: one SensorName per SensorID.
2025-12-04 00:06:38,210 - EnvironmentData - INFO - initialize_database_coris validation passed: no duplicated SensorReadingUTC per SensorID.
2025-12-04 00:06:38,210 - EnvironmentData - INFO - initialize_database_coris validation passed: one SensorName per SensorID.
2025-12-04 00:06:38,211 - EnvironmentData - INFO - initialize_database_coris validation passed: no duplicated SensorReadingUTC per SensorID.
2025-12-04 00:06:38,212 - EnvironmentData - INFO - initialize_database_coris validation passed: one SensorName per SensorID.
2025-12-04 00:06:38,213 - EnvironmentData - INFO - initialize_database_coris validation passed: no duplicated SensorReadingUTC per SensorID.
2025-12-04 00:06:38,213 - EnvironmentData - INFO - initialize_database_coris validation passed: one SensorName per SensorID.
2025-12-04 00:06:38,214 - EnvironmentData - INFO - initialize_database_coris validation passed: no duplicated SensorReadingUTC per SensorID.
2025-12-04 00:06:38,215 - EnvironmentData - INFO - initialize_database_coris validation passed: one SensorName per SensorID.
2025-12-04 00:06:38,216 - EnvironmentData - INFO - initialize_database_coris validation passed: no duplicated SensorReadingUTC per SensorID.
2025-12-04 00:06:38,217 - EnvironmentData - INFO - initialize_database_coris validation passed: one SensorName per SensorID.
2025-12-04 00:06:38,218 - EnvironmentData - INFO - initialize_database_coris validation passed: no duplicated SensorReadingUTC per SensorID.
2025-12-04 00:06:38,218 - EnvironmentData - INFO - initialize_database_coris validation passed: one SensorName per SensorID.
2025-12-04 00:06:38,220 - EnvironmentData - INFO - initialize_database_coris validation passed: no duplicated SensorReadingUTC per SensorID.
2025-12-04 00:06:38,220 - EnvironmentData - INFO - initialize_database_coris validation passed: one SensorName per SensorID.
2025-12-04 00:06:38,221 - EnvironmentData - INFO - initialize_database_coris validation passed: no duplicated SensorReadingUTC per SensorID.
2025-12-04 00:06:38,222 - EnvironmentData - INFO - initialize_database_coris validation passed: one SensorName per SensorID.
2025-12-04 00:06:38,223 - EnvironmentData - INFO - initialize_database_coris validation passed: no duplicated SensorReadingUTC per SensorID.
2025-12-04 00:06:38,223 - EnvironmentData - INFO - initialize_database_coris validation passed: one SensorName per SensorID.
2025-12-04 00:06:38,225 - EnvironmentData - INFO - initialize_database_coris validation passed: no duplicated SensorReadingUTC per SensorID.
2025-12-04 00:06:38,225 - EnvironmentData - INFO - initialize_database_coris validation passed: one SensorName per SensorID.
2025-12-04 00:06:38,226 - EnvironmentData - INFO - initialize_database_coris validation passed: no duplicated SensorReadingUTC per SensorID.
2025-12-04 00:06:38,227 - EnvironmentData - INFO - initialize_database_coris validation passed: one SensorName per SensorID.
2025-12-04 00:06:38,228 - EnvironmentData - INFO - initialize_database_coris validation passed: no duplicated SensorReadingUTC per SensorID.
2025-12-04 00:06:38,229 - EnvironmentData - INFO - initialize_database_coris validation passed: one SensorName per SensorID.
2025-12-04 00:06:38,230 - EnvironmentData - INFO - initialize_database_coris validation passed: no duplicated SensorReadingUTC per SensorID.
2025-12-04 00:06:38,230 - EnvironmentData - INFO - initialize_database_coris validation passed: one SensorName per SensorID.
2025-12-04 00:06:38,231 - EnvironmentData - INFO - initialize_database_coris validation passed: no duplicated SensorReadingUTC per SensorID.
2025-12-04 00:06:38,232 - EnvironmentData - INFO - initialize_database_coris validation passed: one SensorName per SensorID.
2025-12-04 00:06:38,233 - EnvironmentData - INFO - initialize_database_coris validation passed: no duplicated SensorReadingUTC per SensorID.
2025-12-04 00:06:38,234 - EnvironmentData - INFO - initialize_database_coris validation passed: one SensorName per SensorID.
2025-12-04 00:06:38,235 - EnvironmentData - INFO - initialize_database_coris validation passed: no duplicated SensorReadingUTC per SensorID.
2025-12-04 00:06:38,235 - EnvironmentData - INFO - initialize_database_coris validation passed: one SensorName per SensorID.
2025-12-04 00:06:38,237 - EnvironmentData - INFO - initialize_database_coris validation passed: no duplicated SensorReadingUTC per SensorID.
2025-12-04 00:06:38,237 - EnvironmentData - INFO - initialize_database_coris validation passed: one SensorName per SensorID.
2025-12-04 00:06:38,238 - EnvironmentData - INFO - initialize_database_coris validation passed: no duplicated SensorReadingUTC per SensorID.
2025-12-04 00:06:38,239 - EnvironmentData - INFO - initialize_database_coris validation passed: one SensorName per SensorID.
2025-12-04 00:06:38,240 - EnvironmentData - INFO - initialize_database_coris validation passed: no duplicated SensorReadingUTC per SensorID.
2025-12-04 00:06:38,240 - EnvironmentData - INFO - initialize_database_coris validation passed: one SensorName per SensorID.
2025-12-04 00:06:38,242 - EnvironmentData - INFO - initialize_database_coris validation passed: no duplicated SensorReadingUTC per SensorID.
2025-12-04 00:06:38,242 - EnvironmentData - INFO - initialize_database_coris validation passed: one SensorName per SensorID.
2025-12-04 00:06:38,243 - EnvironmentData - INFO - initialize_database_coris validation passed: no duplicated SensorReadingUTC per SensorID.
2025-12-04 00:06:38,244 - EnvironmentData - INFO - initialize_database_coris validation passed: one SensorName per SensorID.
2025-12-04 00:06:38,245 - EnvironmentData - INFO - initialize_database_coris validation passed: no duplicated SensorReadingUTC per SensorID.
2025-12-04 00:06:38,246 - EnvironmentData - INFO - initialize_database_coris validation passed: one SensorName per SensorID.
2025-12-04 00:06:38,247 - EnvironmentData - INFO - initialize_database_coris validation passed: no duplicated SensorReadingUTC per SensorID.
2025-12-04 00:06:38,247 - EnvironmentData - INFO - initialize_database_coris validation passed: one SensorName per SensorID.
2025-12-04 00:06:38,249 - EnvironmentData - INFO - initialize_database_coris validation passed: no duplicated SensorReadingUTC per SensorID.
2025-12-04 00:06:38,249 - EnvironmentData - INFO - initialize_database_coris validation passed: one SensorName per SensorID.
2025-12-04 00:06:38,250 - EnvironmentData - INFO - initialize_database_coris validation passed: no duplicated SensorReadingUTC per SensorID.
2025-12-04 00:06:38,251 - EnvironmentData - INFO - initialize_database_coris validation passed: one SensorName per SensorID.
2025-12-04 00:06:38,252 - EnvironmentData - INFO - initialize_database_coris validation passed: no duplicated SensorReadingUTC per SensorID.
2025-12-04 00:06:38,253 - EnvironmentData - INFO - initialize_database_coris validation passed: one SensorName per SensorID.
2025-12-04 00:06:38,254 - EnvironmentData - INFO - initialize_database_coris validation passed: no duplicated SensorReadingUTC per SensorID.
2025-12-04 00:06:38,254 - EnvironmentData - INFO - initialize_database_coris validation passed: one SensorName per SensorID.
2025-12-04 00:06:38,256 - EnvironmentData - INFO - initialize_database_coris validation passed: no duplicated SensorReadingUTC per SensorID.
2025-12-04 00:06:38,256 - EnvironmentData - INFO - initialize_database_coris validation passed: one SensorName per SensorID.
2025-12-04 00:06:38,257 - EnvironmentData - INFO - initialize_database_coris validation passed: no duplicated SensorReadingUTC per SensorID.
2025-12-04 00:06:38,258 - EnvironmentData - INFO - initialize_database_coris validation passed: one SensorName per SensorID.
2025-12-04 00:06:38,259 - EnvironmentData - INFO - initialize_database_coris validation passed: no duplicated SensorReadingUTC per SensorID.
2025-12-04 00:06:38,259 - EnvironmentData - INFO - initialize_database_coris validation passed: one SensorName per SensorID.
2025-12-04 00:06:38,261 - EnvironmentData - INFO - initialize_database_coris validation passed: no duplicated SensorReadingUTC per SensorID.
2025-12-04 00:06:38,261 - EnvironmentData - INFO - initialize_database_coris validation passed: one SensorName per SensorID.
2025-12-04 00:06:38,262 - EnvironmentData - INFO - initialize_database_coris validation passed: no duplicated SensorReadingUTC per SensorID.
2025-12-04 00:06:38,263 - EnvironmentData - INFO - initialize_database_coris validation passed: one SensorName per SensorID.
2025-12-04 00:06:38,264 - EnvironmentData - INFO - initialize_database_coris validation passed: no duplicated SensorReadingUTC per SensorID.
2025-12-04 00:06:38,265 - EnvironmentData - INFO - initialize_database_coris validation passed: one SensorName per SensorID.
2025-12-04 00:06:38,266 - EnvironmentData - INFO - initialize_database_coris validation passed: no duplicated SensorReadingUTC per SensorID.
2025-12-04 00:06:38,266 - EnvironmentData - INFO - initialize_database_coris validation passed: one SensorName per SensorID.
2025-12-04 00:06:38,268 - EnvironmentData - INFO - initialize_database_coris validation passed: no duplicated SensorReadingUTC per SensorID.
2025-12-04 00:06:38,268 - EnvironmentData - INFO - initialize_database_coris validation passed: one SensorName per SensorID.
2025-12-04 00:06:38,269 - EnvironmentData - INFO - initialize_database_coris validation passed: no duplicated SensorReadingUTC per SensorID.
2025-12-04 00:06:38,270 - EnvironmentData - INFO - initialize_database_coris validation passed: one SensorName per SensorID.
2025-12-04 00:06:38,271 - EnvironmentData - INFO - initialize_database_coris validation passed: no duplicated SensorReadingUTC per SensorID.
2025-12-04 00:06:38,272 - EnvironmentData - INFO - initialize_database_coris validation passed: one SensorName per SensorID.
2025-12-04 00:06:38,273 - EnvironmentData - INFO - initialize_database_coris validation passed: no duplicated SensorReadingUTC per SensorID.
2025-12-04 00:06:38,273 - EnvironmentData - INFO - initialize_database_coris validation passed: one SensorName per SensorID.
2025-12-04 00:06:38,275 - EnvironmentData - INFO - initialize_database_coris validation passed: no duplicated SensorReadingUTC per SensorID.
2025-12-04 00:06:38,275 - EnvironmentData - INFO - initialize_database_coris validation passed: one SensorName per SensorID.
2025-12-04 00:06:38,276 - EnvironmentData - INFO - initialize_database_coris validation passed: no duplicated SensorReadingUTC per SensorID.
2025-12-04 00:06:38,277 - EnvironmentData - INFO - initialize_database_coris validation passed: one SensorName per SensorID.
2025-12-04 00:06:38,278 - EnvironmentData - INFO - initialize_database_coris validation passed: no duplicated SensorReadingUTC per SensorID.
2025-12-04 00:06:38,278 - EnvironmentData - INFO - initialize_database_coris validation passed: one SensorName per SensorID.
2025-12-04 00:06:38,280 - EnvironmentData - INFO - initialize_database_coris validation passed: no duplicated SensorReadingUTC per SensorID.
2025-12-04 00:06:38,280 - EnvironmentData - INFO - initialize_database_coris validation passed: one SensorName per SensorID.
2025-12-04 00:06:38,281 - EnvironmentData - INFO - initialize_database_coris validation passed: no duplicated SensorReadingUTC per SensorID.
2025-12-04 00:06:38,282 - EnvironmentData - INFO - initialize_database_coris validation passed: one SensorName per SensorID.
2025-12-04 00:06:38,283 - EnvironmentData - INFO - initialize_database_coris validation passed: no duplicated SensorReadingUTC per SensorID.
2025-12-04 00:06:38,284 - EnvironmentData - INFO - initialize_database_coris validation passed: one SensorName per SensorID.
2025-12-04 00:06:38,285 - EnvironmentData - INFO - initialize_database_coris validation passed: no duplicated SensorReadingUTC per SensorID.
2025-12-04 00:06:38,285 - EnvironmentData - INFO - initialize_database_coris validation passed: one SensorName per SensorID.
2025-12-04 00:06:38,287 - EnvironmentData - INFO - initialize_database_coris validation passed: no duplicated SensorReadingUTC per SensorID.
2025-12-04 00:06:38,287 - EnvironmentData - INFO - initialize_database_coris validation passed: one SensorName per SensorID.
2025-12-04 00:06:38,288 - EnvironmentData - INFO - initialize_database_coris validation passed: no duplicated SensorReadingUTC per SensorID.
2025-12-04 00:06:38,289 - EnvironmentData - INFO - initialize_database_coris validation passed: one SensorName per SensorID.
2025-12-04 00:06:38,290 - EnvironmentData - INFO - initialize_database_coris validation passed: no duplicated SensorReadingUTC per SensorID.
2025-12-04 00:06:38,291 - EnvironmentData - INFO - initialize_database_coris validation passed: one SensorName per SensorID.
2025-12-04 00:06:38,292 - EnvironmentData - INFO - initialize_database_coris validation passed: no duplicated SensorReadingUTC per SensorID.
2025-12-04 00:06:38,292 - EnvironmentData - INFO - initialize_database_coris validation passed: one SensorName per SensorID.
2025-12-04 00:06:38,294 - EnvironmentData - INFO - initialize_database_coris validation passed: no duplicated SensorReadingUTC per SensorID.
2025-12-04 00:06:38,294 - EnvironmentData - INFO - initialize_database_coris validation passed: one SensorName per SensorID.
2025-12-04 00:06:38,295 - EnvironmentData - INFO - initialize_database_coris validation passed: no duplicated SensorReadingUTC per SensorID.
2025-12-04 00:06:38,296 - EnvironmentData - INFO - initialize_database_coris validation passed: one SensorName per SensorID.
2025-12-04 00:06:38,297 - EnvironmentData - INFO - initialize_database_coris validation passed: no duplicated SensorReadingUTC per SensorID.
2025-12-04 00:06:38,298 - EnvironmentData - INFO - initialize_database_coris validation passed: one SensorName per SensorID.
2025-12-04 00:06:38,299 - EnvironmentData - INFO - initialize_database_coris validation passed: no duplicated SensorReadingUTC per SensorID.
2025-12-04 00:06:38,299 - EnvironmentData - INFO - initialize_database_coris validation passed: one SensorName per SensorID.
2025-12-04 00:06:38,301 - EnvironmentData - INFO - initialize_database_coris validation passed: no duplicated SensorReadingUTC per SensorID.
2025-12-04 00:06:38,301 - EnvironmentData - INFO - initialize_database_coris validation passed: one SensorName per SensorID.
2025-12-04 00:06:38,302 - EnvironmentData - INFO - initialize_database_coris validation passed: no duplicated SensorReadingUTC per SensorID.
2025-12-04 00:06:38,303 - EnvironmentData - INFO - initialize_database_coris validation passed: one SensorName per SensorID.
2025-12-04 00:06:38,304 - EnvironmentData - INFO - initialize_database_coris validation passed: no duplicated SensorReadingUTC per SensorID.
2025-12-04 00:06:38,304 - EnvironmentData - INFO - initialize_database_coris validation passed: one SensorName per SensorID.
2025-12-04 00:06:38,306 - EnvironmentData - INFO - initialize_database_coris validation passed: no duplicated SensorReadingUTC per SensorID.
2025-12-04 00:06:38,306 - EnvironmentData - INFO - initialize_database_coris validation passed: one SensorName per SensorID.
2025-12-04 00:06:38,307 - EnvironmentData - INFO - initialize_database_coris validation passed: no duplicated SensorReadingUTC per SensorID.
2025-12-04 00:06:38,308 - EnvironmentData - INFO - initialize_database_coris validation passed: one SensorName per SensorID.
2025-12-04 00:06:38,309 - EnvironmentData - INFO - initialize_database_coris validation passed: no duplicated SensorReadingUTC per SensorID.
2025-12-04 00:06:38,310 - EnvironmentData - INFO - initialize_database_coris validation passed: one SensorName per SensorID.
2025-12-04 00:06:38,311 - EnvironmentData - INFO - initialize_database_coris validation passed: no duplicated SensorReadingUTC per SensorID.
2025-12-04 00:06:38,311 - EnvironmentData - INFO - initialize_database_coris validation passed: one SensorName per SensorID.
2025-12-04 00:06:38,313 - EnvironmentData - INFO - initialize_database_coris validation passed: no duplicated SensorReadingUTC per SensorID.
2025-12-04 00:06:38,313 - EnvironmentData - INFO - initialize_database_coris validation passed: one SensorName per SensorID.
2025-12-04 00:06:38,314 - EnvironmentData - INFO - initialize_database_coris validation passed: no duplicated SensorReadingUTC per SensorID.
2025-12-04 00:06:38,315 - EnvironmentData - INFO - initialize_database_coris validation passed: one SensorName per SensorID.
2025-12-04 00:06:38,316 - EnvironmentData - INFO - initialize_database_coris validation passed: no duplicated SensorReadingUTC per SensorID.
2025-12-04 00:06:38,316 - EnvironmentData - INFO - initialize_database_coris validation passed: one SensorName per SensorID.
2025-12-04 00:06:38,318 - EnvironmentData - INFO - initialize_database_coris validation passed: no duplicated SensorReadingUTC per SensorID.
2025-12-04 00:06:38,318 - EnvironmentData - INFO - initialize_database_coris validation passed: one SensorName per SensorID.
2025-12-04 00:06:38,319 - EnvironmentData - INFO - initialize_database_coris validation passed: no duplicated SensorReadingUTC per SensorID.
2025-12-04 00:06:38,320 - EnvironmentData - INFO - initialize_database_coris validation passed: one SensorName per SensorID.
2025-12-04 00:06:38,321 - EnvironmentData - INFO - initialize_database_coris validation passed: no duplicated SensorReadingUTC per SensorID.
2025-12-04 00:06:38,322 - EnvironmentData - INFO - initialize_database_coris validation passed: one SensorName per SensorID.
2025-12-04 00:06:38,323 - EnvironmentData - INFO - initialize_database_coris validation passed: no duplicated SensorReadingUTC per SensorID.
2025-12-04 00:06:38,323 - EnvironmentData - INFO - initialize_database_coris validation passed: one SensorName per SensorID.
2025-12-04 00:06:38,324 - EnvironmentData - INFO - initialize_database_coris validation passed: no duplicated SensorReadingUTC per SensorID.
2025-12-04 00:06:38,325 - EnvironmentData - INFO - initialize_database_coris validation passed: one SensorName per SensorID.
2025-12-04 00:06:38,326 - EnvironmentData - INFO - initialize_database_coris validation passed: no duplicated SensorReadingUTC per SensorID.
2025-12-04 00:06:38,327 - EnvironmentData - INFO - initialize_database_coris validation passed: one SensorName per SensorID.
2025-12-04 00:06:38,328 - EnvironmentData - INFO - initialize_database_coris validation passed: no duplicated SensorReadingUTC per SensorID.
2025-12-04 00:06:38,329 - EnvironmentData - INFO - initialize_database_coris validation passed: one SensorName per SensorID.
2025-12-04 00:06:38,330 - EnvironmentData - INFO - initialize_database_coris validation passed: no duplicated SensorReadingUTC per SensorID.
2025-12-04 00:06:38,331 - EnvironmentData - INFO - initialize_database_coris validation passed: one SensorName per SensorID.
2025-12-04 00:06:38,332 - EnvironmentData - INFO - initialize_database_coris validation passed: no duplicated SensorReadingUTC per SensorID.
2025-12-04 00:06:38,333 - EnvironmentData - INFO - initialize_database_coris validation passed: one SensorName per SensorID.
2025-12-04 00:06:38,333 - EnvironmentData - INFO - Using date range: 10 days of historical data
2025-12-04 00:06:38,333 - EnvironmentData - INFO - get_devices_as_dataframe
2025-12-04 00:06:38,333 - EnvironmentData - INFO - get_devices
2025-12-04 00:06:38,333 - EnvironmentData - INFO - Making API request to: devices
2025-12-04 00:06:38,333 - EnvironmentData - DEBUG - Parameters: {'includeSensors': 'true'}
2025-12-04 00:06:38,676 - EnvironmentData - INFO - Found 16 devices
2025-12-04 00:06:38,676 - EnvironmentData - INFO - Retrieved 33 device/sensor combinations
2025-12-04 00:06:38,677 - EnvironmentData - INFO - Retrieving historical data for 33 device/sensor combinations
2025-12-04 00:06:38,677 - EnvironmentData - INFO - get_sensor_data for device 22040305, sensor 22040305-1
2025-12-04 00:06:38,677 - EnvironmentData - INFO - Making API request to: data
2025-12-04 00:06:38,678 - EnvironmentData - DEBUG - Parameters: {'deviceSerialNumber': '22040305', 'sensorSerialNumber': '22040305-1', 'startTime': 1763941919000, 'endTime': 1764805919000}
2025-12-04 00:06:38,903 - EnvironmentData - INFO - API message: No sensor found
2025-12-04 00:06:38,903 - EnvironmentData - INFO - Retrieved 0 items from 'data'
2025-12-04 00:06:38,903 - EnvironmentData - INFO - get_sensor_data for device 22194277, sensor 22194277-3
2025-12-04 00:06:38,903 - EnvironmentData - INFO - Making API request to: data
2025-12-04 00:06:38,904 - EnvironmentData - DEBUG - Parameters: {'deviceSerialNumber': '22194277', 'sensorSerialNumber': '22194277-3', 'startTime': 1763941919000, 'endTime': 1764805919000}
2025-12-04 00:06:39,478 - EnvironmentData - INFO - Retrieved 1 items from 'sensors'
2025-12-04 00:06:39,480 - EnvironmentData - INFO - Transformed 1270 readings from LI-COR data
2025-12-04 00:06:39,480 - EnvironmentData - INFO - Retrieved 1270 readings for ICSC__010C140W_____F/RH
2025-12-04 00:06:39,480 - EnvironmentData - INFO - get_sensor_data for device 22194278, sensor 22194278-3
2025-12-04 00:06:39,480 - EnvironmentData - INFO - Making API request to: data
2025-12-04 00:06:39,480 - EnvironmentData - DEBUG - Parameters: {'deviceSerialNumber': '22194278', 'sensorSerialNumber': '22194278-3', 'startTime': 1763941919000, 'endTime': 1764805919000}
2025-12-04 00:06:39,724 - EnvironmentData - INFO - API message: No sensor found
2025-12-04 00:06:39,724 - EnvironmentData - INFO - Retrieved 0 items from 'data'
2025-12-04 00:06:39,724 - EnvironmentData - INFO - get_sensor_data for device 20447203, sensor 20447203-2
2025-12-04 00:06:39,724 - EnvironmentData - INFO - Making API request to: data
2025-12-04 00:06:39,724 - EnvironmentData - DEBUG - Parameters: {'deviceSerialNumber': '20447203', 'sensorSerialNumber': '20447203-2', 'startTime': 1763941919000, 'endTime': 1764805919000}
2025-12-04 00:06:39,948 - EnvironmentData - INFO - API message: No sensor found
2025-12-04 00:06:39,948 - EnvironmentData - INFO - Retrieved 0 items from 'data'
2025-12-04 00:06:39,948 - EnvironmentData - INFO - get_sensor_data for device 20284065, sensor 20284065-2
2025-12-04 00:06:39,948 - EnvironmentData - INFO - Making API request to: data
2025-12-04 00:06:39,948 - EnvironmentData - DEBUG - Parameters: {'deviceSerialNumber': '20284065', 'sensorSerialNumber': '20284065-2', 'startTime': 1763941919000, 'endTime': 1764805919000}
2025-12-04 00:06:40,197 - EnvironmentData - INFO - API message: No sensor found
2025-12-04 00:06:40,197 - EnvironmentData - INFO - Retrieved 0 items from 'data'
2025-12-04 00:06:40,197 - EnvironmentData - INFO - get_sensor_data for device 22202141, sensor 22179175-1
2025-12-04 00:06:40,197 - EnvironmentData - INFO - Making API request to: data
2025-12-04 00:06:40,197 - EnvironmentData - DEBUG - Parameters: {'deviceSerialNumber': '22202141', 'sensorSerialNumber': '22179175-1', 'startTime': 1763941919000, 'endTime': 1764805919000}
2025-12-04 00:06:40,429 - EnvironmentData - INFO - API message: No sensor found
2025-12-04 00:06:40,429 - EnvironmentData - INFO - Retrieved 0 items from 'data'
2025-12-04 00:06:40,430 - EnvironmentData - INFO - get_sensor_data for device 22202141, sensor 22179175-2
2025-12-04 00:06:40,430 - EnvironmentData - INFO - Making API request to: data
2025-12-04 00:06:40,430 - EnvironmentData - DEBUG - Parameters: {'deviceSerialNumber': '22202141', 'sensorSerialNumber': '22179175-2', 'startTime': 1763941919000, 'endTime': 1764805919000}
2025-12-04 00:06:40,693 - EnvironmentData - INFO - API message: No sensor found
2025-12-04 00:06:40,694 - EnvironmentData - INFO - Retrieved 0 items from 'data'
2025-12-04 00:06:40,694 - EnvironmentData - INFO - get_sensor_data for device 22202141, sensor 22179174-2
2025-12-04 00:06:40,694 - EnvironmentData - INFO - Making API request to: data
2025-12-04 00:06:40,694 - EnvironmentData - DEBUG - Parameters: {'deviceSerialNumber': '22202141', 'sensorSerialNumber': '22179174-2', 'startTime': 1763941919000, 'endTime': 1764805919000}
2025-12-04 00:06:40,918 - EnvironmentData - INFO - API message: No sensor found
2025-12-04 00:06:40,918 - EnvironmentData - INFO - Retrieved 0 items from 'data'
2025-12-04 00:06:40,918 - EnvironmentData - INFO - get_sensor_data for device 20284065, sensor 20284065-1
2025-12-04 00:06:40,918 - EnvironmentData - INFO - Making API request to: data
2025-12-04 00:06:40,918 - EnvironmentData - DEBUG - Parameters: {'deviceSerialNumber': '20284065', 'sensorSerialNumber': '20284065-1', 'startTime': 1763941919000, 'endTime': 1764805919000}
2025-12-04 00:06:41,179 - EnvironmentData - INFO - API message: No sensor found
2025-12-04 00:06:41,179 - EnvironmentData - INFO - Retrieved 0 items from 'data'
2025-12-04 00:06:41,180 - EnvironmentData - INFO - get_sensor_data for device 22194278, sensor 22194278-1
2025-12-04 00:06:41,180 - EnvironmentData - INFO - Making API request to: data
2025-12-04 00:06:41,180 - EnvironmentData - DEBUG - Parameters: {'deviceSerialNumber': '22194278', 'sensorSerialNumber': '22194278-1', 'startTime': 1763941919000, 'endTime': 1764805919000}
2025-12-04 00:06:41,395 - EnvironmentData - INFO - API message: No sensor found
2025-12-04 00:06:41,395 - EnvironmentData - INFO - Retrieved 0 items from 'data'
2025-12-04 00:06:41,395 - EnvironmentData - INFO - get_sensor_data for device 10740550, sensor 10740550-1
2025-12-04 00:06:41,395 - EnvironmentData - INFO - Making API request to: data
2025-12-04 00:06:41,395 - EnvironmentData - DEBUG - Parameters: {'deviceSerialNumber': '10740550', 'sensorSerialNumber': '10740550-1', 'startTime': 1763941919000, 'endTime': 1764805919000}
2025-12-04 00:06:41,636 - EnvironmentData - INFO - Retrieved 1 items from 'sensors'
2025-12-04 00:06:41,638 - EnvironmentData - INFO - Transformed 471 readings from LI-COR data
2025-12-04 00:06:41,638 - EnvironmentData - INFO - Retrieved 471 readings for ICSC__010C149_______/Temperature
2025-12-04 00:06:41,638 - EnvironmentData - INFO - get_sensor_data for device 22040305, sensor 22040305-2
2025-12-04 00:06:41,638 - EnvironmentData - INFO - Making API request to: data
2025-12-04 00:06:41,638 - EnvironmentData - DEBUG - Parameters: {'deviceSerialNumber': '22040305', 'sensorSerialNumber': '22040305-2', 'startTime': 1763941919000, 'endTime': 1764805919000}
2025-12-04 00:06:41,871 - EnvironmentData - INFO - API message: No sensor found
2025-12-04 00:06:41,872 - EnvironmentData - INFO - Retrieved 0 items from 'data'
2025-12-04 00:06:41,872 - EnvironmentData - INFO - get_sensor_data for device 20284064, sensor 20284064-2
2025-12-04 00:06:41,872 - EnvironmentData - INFO - Making API request to: data
2025-12-04 00:06:41,872 - EnvironmentData - DEBUG - Parameters: {'deviceSerialNumber': '20284064', 'sensorSerialNumber': '20284064-2', 'startTime': 1763941919000, 'endTime': 1764805919000}
2025-12-04 00:06:42,087 - EnvironmentData - INFO - API message: No sensor found
2025-12-04 00:06:42,087 - EnvironmentData - INFO - Retrieved 0 items from 'data'
2025-12-04 00:06:42,087 - EnvironmentData - INFO - get_sensor_data for device 20284064, sensor 20284064-1
2025-12-04 00:06:42,087 - EnvironmentData - INFO - Making API request to: data
2025-12-04 00:06:42,087 - EnvironmentData - DEBUG - Parameters: {'deviceSerialNumber': '20284064', 'sensorSerialNumber': '20284064-1', 'startTime': 1763941919000, 'endTime': 1764805919000}
2025-12-04 00:06:42,293 - EnvironmentData - INFO - API message: No sensor found
2025-12-04 00:06:42,294 - EnvironmentData - INFO - Retrieved 0 items from 'data'
2025-12-04 00:06:42,294 - EnvironmentData - INFO - get_sensor_data for device 22202142, sensor 22179175-1
2025-12-04 00:06:42,294 - EnvironmentData - INFO - Making API request to: data
2025-12-04 00:06:42,294 - EnvironmentData - DEBUG - Parameters: {'deviceSerialNumber': '22202142', 'sensorSerialNumber': '22179175-1', 'startTime': 1763941919000, 'endTime': 1764805919000}
2025-12-04 00:06:42,568 - EnvironmentData - INFO - Retrieved 1 items from 'sensors'
2025-12-04 00:06:42,570 - EnvironmentData - INFO - Transformed 958 readings from LI-COR data
2025-12-04 00:06:42,570 - EnvironmentData - INFO - Retrieved 958 readings for RX Station 1/Temperature
2025-12-04 00:06:42,570 - EnvironmentData - INFO - get_sensor_data for device 22040304, sensor 22040304-1
2025-12-04 00:06:42,570 - EnvironmentData - INFO - Making API request to: data
2025-12-04 00:06:42,570 - EnvironmentData - DEBUG - Parameters: {'deviceSerialNumber': '22040304', 'sensorSerialNumber': '22040304-1', 'startTime': 1763941919000, 'endTime': 1764805919000}
2025-12-04 00:06:42,790 - EnvironmentData - INFO - API message: No sensor found
2025-12-04 00:06:42,791 - EnvironmentData - INFO - Retrieved 0 items from 'data'
2025-12-04 00:06:42,791 - EnvironmentData - INFO - get_sensor_data for device 22194278, sensor 22194278-2
2025-12-04 00:06:42,791 - EnvironmentData - INFO - Making API request to: data
2025-12-04 00:06:42,791 - EnvironmentData - DEBUG - Parameters: {'deviceSerialNumber': '22194278', 'sensorSerialNumber': '22194278-2', 'startTime': 1763941919000, 'endTime': 1764805919000}
2025-12-04 00:06:43,036 - EnvironmentData - INFO - API message: No sensor found
2025-12-04 00:06:43,037 - EnvironmentData - INFO - Retrieved 0 items from 'data'
2025-12-04 00:06:43,037 - EnvironmentData - INFO - get_sensor_data for device 22202142, sensor 22179175-2
2025-12-04 00:06:43,037 - EnvironmentData - INFO - Making API request to: data
2025-12-04 00:06:43,037 - EnvironmentData - DEBUG - Parameters: {'deviceSerialNumber': '22202142', 'sensorSerialNumber': '22179175-2', 'startTime': 1763941919000, 'endTime': 1764805919000}
2025-12-04 00:06:43,410 - EnvironmentData - INFO - Retrieved 1 items from 'sensors'
2025-12-04 00:06:43,412 - EnvironmentData - INFO - Transformed 958 readings from LI-COR data
2025-12-04 00:06:43,412 - EnvironmentData - INFO - Retrieved 958 readings for RX Station 1/RH
2025-12-04 00:06:43,412 - EnvironmentData - INFO - get_sensor_data for device 22194277, sensor 22194277-2
2025-12-04 00:06:43,412 - EnvironmentData - INFO - Making API request to: data
2025-12-04 00:06:43,412 - EnvironmentData - DEBUG - Parameters: {'deviceSerialNumber': '22194277', 'sensorSerialNumber': '22194277-2', 'startTime': 1763941919000, 'endTime': 1764805919000}
2025-12-04 00:06:43,682 - EnvironmentData - INFO - Retrieved 1 items from 'sensors'
2025-12-04 00:06:43,684 - EnvironmentData - INFO - Transformed 1270 readings from LI-COR data
2025-12-04 00:06:43,684 - EnvironmentData - INFO - Retrieved 1270 readings for ICSC__010C140W_____F/Temperature
2025-12-04 00:06:43,684 - EnvironmentData - INFO - get_sensor_data for device 20447203, sensor 20447203-1
2025-12-04 00:06:43,684 - EnvironmentData - INFO - Making API request to: data
2025-12-04 00:06:43,684 - EnvironmentData - DEBUG - Parameters: {'deviceSerialNumber': '20447203', 'sensorSerialNumber': '20447203-1', 'startTime': 1763941919000, 'endTime': 1764805919000}
2025-12-04 00:06:43,891 - EnvironmentData - INFO - API message: No sensor found
2025-12-04 00:06:43,891 - EnvironmentData - INFO - Retrieved 0 items from 'data'
2025-12-04 00:06:43,892 - EnvironmentData - INFO - get_sensor_data for device 22202141, sensor 22179174-1
2025-12-04 00:06:43,892 - EnvironmentData - INFO - Making API request to: data
2025-12-04 00:06:43,892 - EnvironmentData - DEBUG - Parameters: {'deviceSerialNumber': '22202141', 'sensorSerialNumber': '22179174-1', 'startTime': 1763941919000, 'endTime': 1764805919000}
2025-12-04 00:06:44,103 - EnvironmentData - INFO - API message: No sensor found
2025-12-04 00:06:44,103 - EnvironmentData - INFO - Retrieved 0 items from 'data'
2025-12-04 00:06:44,104 - EnvironmentData - INFO - get_sensor_data for device 22040302, sensor 22040302-2
2025-12-04 00:06:44,104 - EnvironmentData - INFO - Making API request to: data
2025-12-04 00:06:44,104 - EnvironmentData - DEBUG - Parameters: {'deviceSerialNumber': '22040302', 'sensorSerialNumber': '22040302-2', 'startTime': 1763941919000, 'endTime': 1764805919000}
2025-12-04 00:06:44,436 - EnvironmentData - INFO - Retrieved 1 items from 'sensors'
2025-12-04 00:06:44,437 - EnvironmentData - INFO - Transformed 480 readings from LI-COR data
2025-12-04 00:06:44,438 - EnvironmentData - INFO - Retrieved 480 readings for ICSC__010C145S______/RH
2025-12-04 00:06:44,438 - EnvironmentData - INFO - get_sensor_data for device 10889154, sensor 10889154-2
2025-12-04 00:06:44,438 - EnvironmentData - INFO - Making API request to: data
2025-12-04 00:06:44,438 - EnvironmentData - DEBUG - Parameters: {'deviceSerialNumber': '10889154', 'sensorSerialNumber': '10889154-2', 'startTime': 1763941919000, 'endTime': 1764805919000}
2025-12-04 00:06:44,685 - EnvironmentData - INFO - API message: No sensor found
2025-12-04 00:06:44,685 - EnvironmentData - INFO - Retrieved 0 items from 'data'
2025-12-04 00:06:44,685 - EnvironmentData - INFO - get_sensor_data for device 10740550, sensor 10740550-2
2025-12-04 00:06:44,685 - EnvironmentData - INFO - Making API request to: data
2025-12-04 00:06:44,685 - EnvironmentData - DEBUG - Parameters: {'deviceSerialNumber': '10740550', 'sensorSerialNumber': '10740550-2', 'startTime': 1763941919000, 'endTime': 1764805919000}
2025-12-04 00:06:45,046 - EnvironmentData - INFO - Retrieved 1 items from 'sensors'
2025-12-04 00:06:45,048 - EnvironmentData - INFO - Transformed 471 readings from LI-COR data
2025-12-04 00:06:45,048 - EnvironmentData - INFO - Retrieved 471 readings for ICSC__010C149_______/RH
2025-12-04 00:06:45,048 - EnvironmentData - INFO - get_sensor_data for device 10889154, sensor 10889154-1
2025-12-04 00:06:45,048 - EnvironmentData - INFO - Making API request to: data
2025-12-04 00:06:45,048 - EnvironmentData - DEBUG - Parameters: {'deviceSerialNumber': '10889154', 'sensorSerialNumber': '10889154-1', 'startTime': 1763941919000, 'endTime': 1764805919000}
2025-12-04 00:06:45,258 - EnvironmentData - INFO - API message: No sensor found
2025-12-04 00:06:45,258 - EnvironmentData - INFO - Retrieved 0 items from 'data'
2025-12-04 00:06:45,259 - EnvironmentData - INFO - get_sensor_data for device 22040303, sensor 22040303-2
2025-12-04 00:06:45,259 - EnvironmentData - INFO - Making API request to: data
2025-12-04 00:06:45,259 - EnvironmentData - DEBUG - Parameters: {'deviceSerialNumber': '22040303', 'sensorSerialNumber': '22040303-2', 'startTime': 1763941919000, 'endTime': 1764805919000}
2025-12-04 00:06:45,516 - EnvironmentData - INFO - Retrieved 1 items from 'sensors'
2025-12-04 00:06:45,518 - EnvironmentData - INFO - Transformed 480 readings from LI-COR data
2025-12-04 00:06:45,518 - EnvironmentData - INFO - Retrieved 480 readings for ICSC__010C140E______/RH
2025-12-04 00:06:45,518 - EnvironmentData - INFO - get_sensor_data for device 22040303, sensor 22040303-1
2025-12-04 00:06:45,518 - EnvironmentData - INFO - Making API request to: data
2025-12-04 00:06:45,518 - EnvironmentData - DEBUG - Parameters: {'deviceSerialNumber': '22040303', 'sensorSerialNumber': '22040303-1', 'startTime': 1763941919000, 'endTime': 1764805919000}
2025-12-04 00:06:45,771 - EnvironmentData - INFO - Retrieved 1 items from 'sensors'
2025-12-04 00:06:45,773 - EnvironmentData - INFO - Transformed 480 readings from LI-COR data
2025-12-04 00:06:45,773 - EnvironmentData - INFO - Retrieved 480 readings for ICSC__010C140E______/Temperature
2025-12-04 00:06:45,773 - EnvironmentData - INFO - get_sensor_data for device 22202142, sensor 22179174-1
2025-12-04 00:06:45,773 - EnvironmentData - INFO - Making API request to: data
2025-12-04 00:06:45,773 - EnvironmentData - DEBUG - Parameters: {'deviceSerialNumber': '22202142', 'sensorSerialNumber': '22179174-1', 'startTime': 1763941919000, 'endTime': 1764805919000}
2025-12-04 00:06:46,085 - EnvironmentData - INFO - Retrieved 1 items from 'sensors'
2025-12-04 00:06:46,087 - EnvironmentData - INFO - Transformed 958 readings from LI-COR data
2025-12-04 00:06:46,087 - EnvironmentData - INFO - Retrieved 958 readings for RX Station 1/Temperature
2025-12-04 00:06:46,087 - EnvironmentData - INFO - get_sensor_data for device 22040304, sensor 22040304-2
2025-12-04 00:06:46,087 - EnvironmentData - INFO - Making API request to: data
2025-12-04 00:06:46,087 - EnvironmentData - DEBUG - Parameters: {'deviceSerialNumber': '22040304', 'sensorSerialNumber': '22040304-2', 'startTime': 1763941919000, 'endTime': 1764805919000}
2025-12-04 00:06:46,332 - EnvironmentData - INFO - API message: No sensor found
2025-12-04 00:06:46,332 - EnvironmentData - INFO - Retrieved 0 items from 'data'
2025-12-04 00:06:46,332 - EnvironmentData - INFO - get_sensor_data for device 22040302, sensor 22040302-1
2025-12-04 00:06:46,333 - EnvironmentData - INFO - Making API request to: data
2025-12-04 00:06:46,333 - EnvironmentData - DEBUG - Parameters: {'deviceSerialNumber': '22040302', 'sensorSerialNumber': '22040302-1', 'startTime': 1763941919000, 'endTime': 1764805919000}
2025-12-04 00:06:46,602 - EnvironmentData - INFO - Retrieved 1 items from 'sensors'
2025-12-04 00:06:46,604 - EnvironmentData - INFO - Transformed 480 readings from LI-COR data
2025-12-04 00:06:46,604 - EnvironmentData - INFO - Retrieved 480 readings for ICSC__010C145S______/Temperature
2025-12-04 00:06:46,604 - EnvironmentData - INFO - get_sensor_data for device 22202142, sensor 22179174-2
2025-12-04 00:06:46,604 - EnvironmentData - INFO - Making API request to: data
2025-12-04 00:06:46,604 - EnvironmentData - DEBUG - Parameters: {'deviceSerialNumber': '22202142', 'sensorSerialNumber': '22179174-2', 'startTime': 1763941919000, 'endTime': 1764805919000}
2025-12-04 00:06:46,938 - EnvironmentData - INFO - Retrieved 1 items from 'sensors'
2025-12-04 00:06:46,939 - EnvironmentData - INFO - Transformed 958 readings from LI-COR data
2025-12-04 00:06:46,939 - EnvironmentData - INFO - Retrieved 958 readings for RX Station 1/RH
2025-12-04 00:06:46,939 - EnvironmentData - INFO - get_sensor_data for device 10889153, sensor 10889153-1
2025-12-04 00:06:46,940 - EnvironmentData - INFO - Making API request to: data
2025-12-04 00:06:46,940 - EnvironmentData - DEBUG - Parameters: {'deviceSerialNumber': '10889153', 'sensorSerialNumber': '10889153-1', 'startTime': 1763941919000, 'endTime': 1764805919000}
2025-12-04 00:06:47,212 - EnvironmentData - INFO - Retrieved 1 items from 'sensors'
2025-12-04 00:06:47,214 - EnvironmentData - INFO - Transformed 480 readings from LI-COR data
2025-12-04 00:06:47,214 - EnvironmentData - INFO - Retrieved 480 readings for C145 Structural/Temperature
2025-12-04 00:06:47,214 - EnvironmentData - INFO - get_sensor_data for device 10889153, sensor 10889153-2
2025-12-04 00:06:47,214 - EnvironmentData - INFO - Making API request to: data
2025-12-04 00:06:47,214 - EnvironmentData - DEBUG - Parameters: {'deviceSerialNumber': '10889153', 'sensorSerialNumber': '10889153-2', 'startTime': 1763941919000, 'endTime': 1764805919000}
2025-12-04 00:06:47,487 - EnvironmentData - INFO - Retrieved 1 items from 'sensors'
2025-12-04 00:06:47,488 - EnvironmentData - INFO - Transformed 480 readings from LI-COR data
2025-12-04 00:06:47,488 - EnvironmentData - INFO - Retrieved 480 readings for C145 Structural/RH
2025-12-04 00:06:47,489 - EnvironmentData - INFO - Successfully retrieved historical data from 14 device/sensor combinations
2025-12-04 00:06:47,490 - EnvironmentData - INFO - initialize_database_licor validation passed: no duplicated SensorReadingUTC per SensorID.
2025-12-04 00:06:47,490 - EnvironmentData - INFO - initialize_database_licor validation passed: one SensorName per SensorID.
2025-12-04 00:06:47,491 - EnvironmentData - INFO - initialize_database_licor validation passed: no duplicated SensorReadingUTC per SensorID.
2025-12-04 00:06:47,492 - EnvironmentData - INFO - initialize_database_licor validation passed: one SensorName per SensorID.
2025-12-04 00:06:47,492 - EnvironmentData - INFO - initialize_database_licor validation passed: no duplicated SensorReadingUTC per SensorID.
2025-12-04 00:06:47,493 - EnvironmentData - INFO - initialize_database_licor validation passed: one SensorName per SensorID.
2025-12-04 00:06:47,494 - EnvironmentData - INFO - initialize_database_licor validation passed: no duplicated SensorReadingUTC per SensorID.
2025-12-04 00:06:47,494 - EnvironmentData - INFO - initialize_database_licor validation passed: one SensorName per SensorID.
2025-12-04 00:06:47,495 - EnvironmentData - INFO - initialize_database_licor validation passed: no duplicated SensorReadingUTC per SensorID.
2025-12-04 00:06:47,495 - EnvironmentData - INFO - initialize_database_licor validation passed: one SensorName per SensorID.
2025-12-04 00:06:47,496 - EnvironmentData - INFO - initialize_database_licor validation passed: no duplicated SensorReadingUTC per SensorID.
2025-12-04 00:06:47,497 - EnvironmentData - INFO - initialize_database_licor validation passed: one SensorName per SensorID.
2025-12-04 00:06:47,497 - EnvironmentData - INFO - initialize_database_licor validation passed: no duplicated SensorReadingUTC per SensorID.
2025-12-04 00:06:47,498 - EnvironmentData - INFO - initialize_database_licor validation passed: one SensorName per SensorID.
2025-12-04 00:06:47,498 - EnvironmentData - INFO - initialize_database_licor validation passed: no duplicated SensorReadingUTC per SensorID.
2025-12-04 00:06:47,499 - EnvironmentData - INFO - initialize_database_licor validation passed: one SensorName per SensorID.
2025-12-04 00:06:47,500 - EnvironmentData - INFO - initialize_database_licor validation passed: no duplicated SensorReadingUTC per SensorID.
2025-12-04 00:06:47,500 - EnvironmentData - INFO - initialize_database_licor validation passed: one SensorName per SensorID.
2025-12-04 00:06:47,501 - EnvironmentData - INFO - initialize_database_licor validation passed: no duplicated SensorReadingUTC per SensorID.
2025-12-04 00:06:47,502 - EnvironmentData - INFO - initialize_database_licor validation passed: one SensorName per SensorID.
2025-12-04 00:06:47,502 - EnvironmentData - INFO - initialize_database_licor validation passed: no duplicated SensorReadingUTC per SensorID.
2025-12-04 00:06:47,503 - EnvironmentData - INFO - initialize_database_licor validation passed: one SensorName per SensorID.
2025-12-04 00:06:47,504 - EnvironmentData - INFO - initialize_database_licor validation passed: no duplicated SensorReadingUTC per SensorID.
2025-12-04 00:06:47,504 - EnvironmentData - INFO - initialize_database_licor validation passed: one SensorName per SensorID.
2025-12-04 00:06:47,505 - EnvironmentData - INFO - initialize_database_licor validation passed: no duplicated SensorReadingUTC per SensorID.
2025-12-04 00:06:47,505 - EnvironmentData - INFO - initialize_database_licor validation passed: one SensorName per SensorID.
2025-12-04 00:06:47,506 - EnvironmentData - INFO - initialize_database_licor validation passed: no duplicated SensorReadingUTC per SensorID.
2025-12-04 00:06:47,506 - EnvironmentData - INFO - initialize_database_licor validation passed: one SensorName per SensorID.
2025-12-04 00:06:47,583 - EnvironmentData - INFO - Historical data initialization complete: 367780 total records from 152 sources
